program	address	checked_name	source_block	cpp_file	cpp_symbol	status	evidence	adaptation
WINDREAM.EXE	004285be	FILE_GetInstallRoot	candidate:docs/reviews/002-disc-file-paths.md	opendreams/shared/port/file_roots.cpp	od::port::FILE_GetInstallRoot	adapted	Ghidra Decompile.java 2026-09-26; checked name registry; original 43-byte body	Mutable global install path is caller-owned FileRootState; return is const and valid until state changes.
WINDREAM.EXE	004285e9	FILE_GetDataRoot	candidate:docs/reviews/002-disc-file-paths.md	opendreams/shared/port/file_roots.cpp	od::port::FILE_GetDataRoot	adapted	Ghidra Decompile.java 2026-09-26; checked name registry; original 61-byte body	Original full-install global is caller-owned FileRootState; selection remains install root when nonzero and disc root otherwise.
GDIDREAM.EXE	004285be	FILE_GetInstallRoot	candidate:docs/reviews/002-disc-file-paths.md	opendreams/shared/port/file_roots.cpp	od::port::FILE_GetInstallRoot	adapted	Ghidra Decompile.java 2026-09-26; byte-identical twin check; original 43-byte body	Mutable global install path is caller-owned FileRootState; return is const and valid until state changes.
GDIDREAM.EXE	004285e9	FILE_GetDataRoot	candidate:docs/reviews/002-disc-file-paths.md	opendreams/shared/port/file_roots.cpp	od::port::FILE_GetDataRoot	adapted	Ghidra Decompile.java 2026-09-26; byte-identical twin check; original 61-byte body	Original full-install global is caller-owned FileRootState; selection remains install root when nonzero and disc root otherwise.
WINDREAM.EXE	00409304	VFS_Open	candidate:docs/reviews/002-vfs-archives.md	opendreams/shared/port/vfs.cpp	od::port::VFS_Open	adapted	Ghidra Decompile.java 2026-09-27; checked name/twin; synthetic and original Disc 1/2 corpus	OS open is replaced by selected Image lookup; loose files win before a BF member; disc modes are read-only and failures are recoverable.
WINDREAM.EXE	004093f0	VFS_Read	candidate:docs/reviews/002-vfs-archives.md	opendreams/shared/port/vfs.cpp	od::port::VFS_Read	adapted	Ghidra Decompile.java 2026-09-27; checked name/twin; synthetic and original Disc 1/2 corpus	Host read is replaced by bounded Image reads; BF cursor stays shared by table row; I/O failures are recoverable.
WINDREAM.EXE	00409634	VFS_Seek	candidate:docs/reviews/002-vfs-archives.md	opendreams/shared/port/vfs.cpp	od::port::VFS_Seek	adapted	Ghidra Decompile.java 2026-09-27; checked name/twin; synthetic and original Disc 1/2 corpus	Host lseek is an explicit cursor; nonempty BF member clamp is retained and empty member position safely becomes zero.
WINDREAM.EXE	0040985e	VFS_Close	candidate:docs/reviews/002-vfs-archives.md	opendreams/shared/port/vfs.cpp	od::port::VFS_Close	adapted	Ghidra Decompile.java 2026-09-27; checked name/twin; synthetic and original Disc 1/2 corpus	Physical context handle is released; negative BF handle is only validated, as in retail.
WINDREAM.EXE	0043ad40	BF_Mount	candidate:docs/reviews/002-vfs-archives.md	opendreams/shared/port/vfs.cpp	od::port::BF_Mount	adapted	Ghidra Decompile.java 2026-09-27; checked name/twin; synthetic and original Disc 1/2 corpus	Selected-image path replaces the OS alternate-root search; header, table and payload bounds are checked; parsed physical rows are returned for catalog provenance.
WINDREAM.EXE	0043ac08	VFS_AddArchiveEntries	candidate:docs/reviews/002-vfs-archives.md	opendreams/shared/port/vfs.cpp	od::port::VFS_AddArchiveEntries	adapted	Ghidra Decompile.java 2026-09-27; checked name/twin; synthetic and original Disc 1/2 corpus	The process-global table is context-owned; first-batch copy and later exact-name replacement retain retail ordering.
WINDREAM.EXE	0043ab96	VFS_FindMember	candidate:docs/reviews/002-vfs-archives.md	opendreams/shared/port/vfs.cpp	od::port::VFS_FindMember	adapted	Ghidra Decompile.java 2026-09-27; checked name/twin; synthetic and original Disc 1/2 corpus	The request is uppercased and compared exactly with stored member names in the context table.
WINDREAM.EXE	0043af27	VFS_OpenMember	candidate:docs/reviews/002-vfs-archives.md	opendreams/shared/port/vfs.cpp	od::port::VFS_OpenMember	adapted	Ghidra Decompile.java 2026-09-27; checked name/twin; synthetic and original Disc 1/2 corpus	The matched context row is marked opened and its shared cursor is reset to zero.
WINDREAM.EXE	0043aefc	VFS_FreeArchives	candidate:docs/reviews/002-vfs-archives.md	opendreams/shared/port/vfs.cpp	od::port::VFS_FreeArchives	adapted	Ghidra Decompile.java 2026-09-27; checked name/twin; synthetic and original Disc 1/2 corpus	The context member table is cleared; the selected Image owns backing data rather than leaked OS descriptors.
GDIDREAM.EXE	00409304	VFS_Open	candidate:docs/reviews/002-vfs-archives.md	opendreams/shared/port/vfs.cpp	od::port::VFS_Open	adapted	Ghidra Decompile.java 2026-09-27; checked name/twin; synthetic and original Disc 1/2 corpus	OS open is replaced by selected Image lookup; loose files win before a BF member; disc modes are read-only and failures are recoverable.
GDIDREAM.EXE	004093f0	VFS_Read	candidate:docs/reviews/002-vfs-archives.md	opendreams/shared/port/vfs.cpp	od::port::VFS_Read	adapted	Ghidra Decompile.java 2026-09-27; checked name/twin; synthetic and original Disc 1/2 corpus	Host read is replaced by bounded Image reads; BF cursor stays shared by table row; I/O failures are recoverable.
GDIDREAM.EXE	00409634	VFS_Seek	candidate:docs/reviews/002-vfs-archives.md	opendreams/shared/port/vfs.cpp	od::port::VFS_Seek	adapted	Ghidra Decompile.java 2026-09-27; checked name/twin; synthetic and original Disc 1/2 corpus	Host lseek is an explicit cursor; nonempty BF member clamp is retained and empty member position safely becomes zero.
GDIDREAM.EXE	0040985e	VFS_Close	candidate:docs/reviews/002-vfs-archives.md	opendreams/shared/port/vfs.cpp	od::port::VFS_Close	adapted	Ghidra Decompile.java 2026-09-27; checked name/twin; synthetic and original Disc 1/2 corpus	Physical context handle is released; negative BF handle is only validated, as in retail.
GDIDREAM.EXE	0043ad40	BF_Mount	candidate:docs/reviews/002-vfs-archives.md	opendreams/shared/port/vfs.cpp	od::port::BF_Mount	adapted	Ghidra Decompile.java 2026-09-27; checked name/twin; synthetic and original Disc 1/2 corpus	Selected-image path replaces the OS alternate-root search; header, table and payload bounds are checked; parsed physical rows are returned for catalog provenance.
GDIDREAM.EXE	0043ac08	VFS_AddArchiveEntries	candidate:docs/reviews/002-vfs-archives.md	opendreams/shared/port/vfs.cpp	od::port::VFS_AddArchiveEntries	adapted	Ghidra Decompile.java 2026-09-27; checked name/twin; synthetic and original Disc 1/2 corpus	The process-global table is context-owned; first-batch copy and later exact-name replacement retain retail ordering.
GDIDREAM.EXE	0043ab96	VFS_FindMember	candidate:docs/reviews/002-vfs-archives.md	opendreams/shared/port/vfs.cpp	od::port::VFS_FindMember	adapted	Ghidra Decompile.java 2026-09-27; checked name/twin; synthetic and original Disc 1/2 corpus	The request is uppercased and compared exactly with stored member names in the context table.
GDIDREAM.EXE	0043af27	VFS_OpenMember	candidate:docs/reviews/002-vfs-archives.md	opendreams/shared/port/vfs.cpp	od::port::VFS_OpenMember	adapted	Ghidra Decompile.java 2026-09-27; checked name/twin; synthetic and original Disc 1/2 corpus	The matched context row is marked opened and its shared cursor is reset to zero.
GDIDREAM.EXE	0043aefc	VFS_FreeArchives	candidate:docs/reviews/002-vfs-archives.md	opendreams/shared/port/vfs.cpp	od::port::VFS_FreeArchives	adapted	Ghidra Decompile.java 2026-09-27; checked name/twin; synthetic and original Disc 1/2 corpus	The context member table is cleared; the selected Image owns backing data rather than leaked OS descriptors.
