source	source_sha256	source_address	target	address	name	module	size	body_sha256	target_sha256
DREAMS.EXE	45d00510f993d321d2288b0791a96297893de9e5e0dc24d36246e41e144008ce	00011e0c	DREAMS.EXE	00012610	ANI_CopyAnimObjet_	C:\DREAMS\src\ANIM.C	40	333321a7ef163ff280f11df523e00a6545c706327b127d189a66420bdccdb702	dfcdb1a70240bc57e8e0537245ce2fb0d102b1df340ba805081cb03d0f18d0aa
DREAMS.EXE	45d00510f993d321d2288b0791a96297893de9e5e0dc24d36246e41e144008ce	0001ee8c	DREAMS.EXE	00021a0c	WOR_RLEDecompress_	C:\DREAMS\src\WORKS.C	87	4f27de3b88bd6aa9f5698f6092dff66d27873bf9a4d55d292221606771b6d990	dfcdb1a70240bc57e8e0537245ce2fb0d102b1df340ba805081cb03d0f18d0aa
DREAMS.EXE	45d00510f993d321d2288b0791a96297893de9e5e0dc24d36246e41e144008ce	0002755c	DREAMS.EXE	00029fb0	dms_L1TacticalMovLeader_	C:\DREAMS\src\DMS_EVIL.C	52	2dce4801ae94f5fddb71e08d68a0a637beae8d9712f25fa219683f8d3ea4a216	dfcdb1a70240bc57e8e0537245ce2fb0d102b1df340ba805081cb03d0f18d0aa
DREAMS.EXE	45d00510f993d321d2288b0791a96297893de9e5e0dc24d36246e41e144008ce	00029110	DREAMS.EXE	0002bcdc	dms_L1Strategic_	C:\DREAMS\src\DMS_EVIL.C	282	87a95e53ca3eb4f615f144e09a8a2d47d898cd803c09202dc597dd20087f34b3	dfcdb1a70240bc57e8e0537245ce2fb0d102b1df340ba805081cb03d0f18d0aa
DREAMS.EXE	45d00510f993d321d2288b0791a96297893de9e5e0dc24d36246e41e144008ce	0002dcdc	DREAMS.EXE	00031134	PHY_SetPhy23D_	C:\DREAMS\src\PHYSIQUE.C	38	5dd2b8ceec6777e62f72d24eb30eaca80cfb15a62ef8d3f9123c9f24a9d4199d	dfcdb1a70240bc57e8e0537245ce2fb0d102b1df340ba805081cb03d0f18d0aa
DREAMS.EXE	45d00510f993d321d2288b0791a96297893de9e5e0dc24d36246e41e144008ce	0002de6c	DREAMS.EXE	000313d8	WEA_TestActiveEpeeObject_	C:\DREAMS\src\WEAPON.C	32	13ebd30130dcb1013d154a1778e6db023efaef35aa44ff87cced6717249d5b61	dfcdb1a70240bc57e8e0537245ce2fb0d102b1df340ba805081cb03d0f18d0aa
DREAMS.EXE	45d00510f993d321d2288b0791a96297893de9e5e0dc24d36246e41e144008ce	0002e2b0	DREAMS.EXE	00031914	WEA_TestActiveArcObject_	C:\DREAMS\src\WEAPON.C	32	3419f74e9f1c37448cc0280e7df123b935c02057202be3b2f87fa1edcf175f20	dfcdb1a70240bc57e8e0537245ce2fb0d102b1df340ba805081cb03d0f18d0aa
DREAMS.EXE	45d00510f993d321d2288b0791a96297893de9e5e0dc24d36246e41e144008ce	0002e6a4	DREAMS.EXE	00031de0	WEA_TestActiveGunObject_	C:\DREAMS\src\WEAPON.C	32	5e34707154621562520e4cf851e2253caed442daa91beeb428a6439614ff1398	dfcdb1a70240bc57e8e0537245ce2fb0d102b1df340ba805081cb03d0f18d0aa
DREAMS.EXE	45d00510f993d321d2288b0791a96297893de9e5e0dc24d36246e41e144008ce	0003e5e0	DREAMS.EXE	00042c34	SYM_TestSymbole_	C:\DREAMS\src\SYMBOLE.C	208	e58853b71355596939af2a18b176581e2bf5c60113c6d45099f7dc032190b8c6	dfcdb1a70240bc57e8e0537245ce2fb0d102b1df340ba805081cb03d0f18d0aa
DREAMS.EXE	45d00510f993d321d2288b0791a96297893de9e5e0dc24d36246e41e144008ce	000444a8	DREAMS.EXE	00049358	MMS_MallocMem_	C:\DREAMS\src\MMSYSTEM.C	47	bc9ed48aeaf7ef7694fcb4152a5c687f4bf19b7fa6aef330013bc54ede0fe84e	dfcdb1a70240bc57e8e0537245ce2fb0d102b1df340ba805081cb03d0f18d0aa
DREAMS.EXE	45d00510f993d321d2288b0791a96297893de9e5e0dc24d36246e41e144008ce	0004f828	DREAMS.EXE	00057d98	Init_CSphere_	C:\SOURCES\BEN11\3DC_COL2.C	67	204cc9074356756d8ffc7dd2f1d810aff49d6b310e8be9ef261653cc2fcf8e36	dfcdb1a70240bc57e8e0537245ce2fb0d102b1df340ba805081cb03d0f18d0aa
DREAMS.EXE	45d00510f993d321d2288b0791a96297893de9e5e0dc24d36246e41e144008ce	0004f91c	DREAMS.EXE	00057e8c	Distance_To_Edge_	C:\SOURCES\BEN11\3DC_COL2.C	103	8a809786cce6a3e225c9083f6885422f28861226e7e8f66c6416179a05ee4427	dfcdb1a70240bc57e8e0537245ce2fb0d102b1df340ba805081cb03d0f18d0aa
DREAMS.EXE	45d00510f993d321d2288b0791a96297893de9e5e0dc24d36246e41e144008ce	0005209c	DREAMS.EXE	0005a56c	ProjectionOnLine_	C:\SOURCES\BEN11\3DC_COLL.C	312	c58e8f2f86efc95e888a74e57bc6978787fb7cf101dabe459cc064c2a049dd6a	dfcdb1a70240bc57e8e0537245ce2fb0d102b1df340ba805081cb03d0f18d0aa
DREAMS.EXE	45d00510f993d321d2288b0791a96297893de9e5e0dc24d36246e41e144008ce	000522a0	DREAMS.EXE	0005a770	PlaneLineIntersection_	C:\SOURCES\BEN11\3DC_COLL.C	267	52667425b54c5974ab539d7fe80b1772c0ff1e8b91bef9ec060b28c545139a8e	dfcdb1a70240bc57e8e0537245ce2fb0d102b1df340ba805081cb03d0f18d0aa
DREAMS.EXE	45d00510f993d321d2288b0791a96297893de9e5e0dc24d36246e41e144008ce	00056b68	DREAMS.EXE	0005f044	Update_Header_Object_	C:\SOURCES\BEN11\3DC_MEM.C	36	0ec891270a4c65fa9f51b7ea7896f9211c843bf675f85adaf039cb0ae11bda6f	dfcdb1a70240bc57e8e0537245ce2fb0d102b1df340ba805081cb03d0f18d0aa
DREAMS.EXE	45d00510f993d321d2288b0791a96297893de9e5e0dc24d36246e41e144008ce	0005ca14	DREAMS.EXE	00064e2c	MatMulVectFloat_	C:\SOURCES\BEN11\3DC_ANIM.C	95	7379e7126600c606ab31d4b3629ac5cec1af228d15cc642f27f712c3285f96cb	dfcdb1a70240bc57e8e0537245ce2fb0d102b1df340ba805081cb03d0f18d0aa
DREAMS.EXE	45d00510f993d321d2288b0791a96297893de9e5e0dc24d36246e41e144008ce	0005db8c	DREAMS.EXE	00065fa4	Mat_Id_	C:\SOURCES\BEN11\3DC_MATH.C	63	030865c3f5d6d171ed426be449d075bd13b5f2ae1cd153b14bb5e6a7307fa665	dfcdb1a70240bc57e8e0537245ce2fb0d102b1df340ba805081cb03d0f18d0aa
DREAMS.EXE	45d00510f993d321d2288b0791a96297893de9e5e0dc24d36246e41e144008ce	0005e2a4	DREAMS.EXE	000666bc	Mat_Mul_	C:\SOURCES\BEN11\3DC_MATH.C	116	266450aa596cac3093bdd46a5f8e028c92a358fcdb856827c19ade9a02ab295d	dfcdb1a70240bc57e8e0537245ce2fb0d102b1df340ba805081cb03d0f18d0aa
DREAMS.EXE	45d00510f993d321d2288b0791a96297893de9e5e0dc24d36246e41e144008ce	0005e318	DREAMS.EXE	00066730	Mat_Transpose_	C:\SOURCES\BEN11\3DC_MATH.C	72	ba876c2eff1772a4519de5fe7e65b766ce50c6545e18259f3126a198bb924153	dfcdb1a70240bc57e8e0537245ce2fb0d102b1df340ba805081cb03d0f18d0aa
DREAMS.EXE	45d00510f993d321d2288b0791a96297893de9e5e0dc24d36246e41e144008ce	0005e3a0	DREAMS.EXE	000667b8	Vect_Add_	C:\SOURCES\BEN11\3DC_MATH.C	36	d86e6267935e301c092b770a634219bd0dc4ea55b8f83e9570104e712c361b24	dfcdb1a70240bc57e8e0537245ce2fb0d102b1df340ba805081cb03d0f18d0aa
DREAMS.EXE	45d00510f993d321d2288b0791a96297893de9e5e0dc24d36246e41e144008ce	0005e3c4	DREAMS.EXE	000667dc	Vect_Sub_	C:\SOURCES\BEN11\3DC_MATH.C	36	2b8687f42b9ea3dab223c5dbae341235c2462577e96c0524d00fed1aba0914a5	dfcdb1a70240bc57e8e0537245ce2fb0d102b1df340ba805081cb03d0f18d0aa
DREAMS.EXE	45d00510f993d321d2288b0791a96297893de9e5e0dc24d36246e41e144008ce	0005e3e8	DREAMS.EXE	00066800	Vect_Neg_	C:\SOURCES\BEN11\3DC_MATH.C	27	8925eac891f14aa6b38d188a5f68c343d466f0e3afaf590347dc115bd2686f33	dfcdb1a70240bc57e8e0537245ce2fb0d102b1df340ba805081cb03d0f18d0aa
DREAMS.EXE	45d00510f993d321d2288b0791a96297893de9e5e0dc24d36246e41e144008ce	0005e448	DREAMS.EXE	00066860	Vect_Scalar_	C:\SOURCES\BEN11\3DC_MATH.C	38	aca12b67238474949e95fd6836a40479b065d0076527f07045eead6e88db20a7	dfcdb1a70240bc57e8e0537245ce2fb0d102b1df340ba805081cb03d0f18d0aa
DREAMS.EXE	45d00510f993d321d2288b0791a96297893de9e5e0dc24d36246e41e144008ce	0005e5bc	DREAMS.EXE	000669d4	Vect_Cpy_	C:\SOURCES\BEN11\3DC_MATH.C	19	44f8e7d33f4007e0630c307ab91e57db25985be37027a0b7c6670a08d6cd02d1	dfcdb1a70240bc57e8e0537245ce2fb0d102b1df340ba805081cb03d0f18d0aa
DREAMS.EXE	45d00510f993d321d2288b0791a96297893de9e5e0dc24d36246e41e144008ce	0005e5d0	DREAMS.EXE	000669e8	Mat_Cpy_	C:\SOURCES\BEN11\3DC_MATH.C	32	07f0b200c0312ec416cdd447e85a1cf81399d4ec591187287b32d7097e7ca61f	dfcdb1a70240bc57e8e0537245ce2fb0d102b1df340ba805081cb03d0f18d0aa
DREAMS.EXE	45d00510f993d321d2288b0791a96297893de9e5e0dc24d36246e41e144008ce	00011e0c	DREAMSFX.EXE	00022550	ANI_CopyAnimObjet_	C:\DREAMS\src\ANIM.C	40	333321a7ef163ff280f11df523e00a6545c706327b127d189a66420bdccdb702	9b95f25f00b46387ba292e2060b395c55170fcd10d7e3b5cf5e965fecf5027d3
DREAMS.EXE	45d00510f993d321d2288b0791a96297893de9e5e0dc24d36246e41e144008ce	0001ee8c	DREAMSFX.EXE	000319ac	WOR_RLEDecompress_	C:\DREAMS\src\WORKS.C	87	4f27de3b88bd6aa9f5698f6092dff66d27873bf9a4d55d292221606771b6d990	9b95f25f00b46387ba292e2060b395c55170fcd10d7e3b5cf5e965fecf5027d3
DREAMS.EXE	45d00510f993d321d2288b0791a96297893de9e5e0dc24d36246e41e144008ce	0002755c	DREAMSFX.EXE	00039f50	dms_L1TacticalMovLeader_	C:\DREAMS\src\DMS_EVIL.C	52	2dce4801ae94f5fddb71e08d68a0a637beae8d9712f25fa219683f8d3ea4a216	9b95f25f00b46387ba292e2060b395c55170fcd10d7e3b5cf5e965fecf5027d3
DREAMS.EXE	45d00510f993d321d2288b0791a96297893de9e5e0dc24d36246e41e144008ce	00029110	DREAMSFX.EXE	0003bc7c	dms_L1Strategic_	C:\DREAMS\src\DMS_EVIL.C	282	87a95e53ca3eb4f615f144e09a8a2d47d898cd803c09202dc597dd20087f34b3	9b95f25f00b46387ba292e2060b395c55170fcd10d7e3b5cf5e965fecf5027d3
DREAMS.EXE	45d00510f993d321d2288b0791a96297893de9e5e0dc24d36246e41e144008ce	0002dcdc	DREAMSFX.EXE	00041024	PHY_SetPhy23D_	C:\DREAMS\src\PHYSIQUE.C	38	5dd2b8ceec6777e62f72d24eb30eaca80cfb15a62ef8d3f9123c9f24a9d4199d	9b95f25f00b46387ba292e2060b395c55170fcd10d7e3b5cf5e965fecf5027d3
DREAMS.EXE	45d00510f993d321d2288b0791a96297893de9e5e0dc24d36246e41e144008ce	0002de6c	DREAMSFX.EXE	000412c8	WEA_TestActiveEpeeObject_	C:\DREAMS\src\WEAPON.C	32	13ebd30130dcb1013d154a1778e6db023efaef35aa44ff87cced6717249d5b61	9b95f25f00b46387ba292e2060b395c55170fcd10d7e3b5cf5e965fecf5027d3
DREAMS.EXE	45d00510f993d321d2288b0791a96297893de9e5e0dc24d36246e41e144008ce	0002e2b0	DREAMSFX.EXE	00041804	WEA_TestActiveArcObject_	C:\DREAMS\src\WEAPON.C	32	3419f74e9f1c37448cc0280e7df123b935c02057202be3b2f87fa1edcf175f20	9b95f25f00b46387ba292e2060b395c55170fcd10d7e3b5cf5e965fecf5027d3
DREAMS.EXE	45d00510f993d321d2288b0791a96297893de9e5e0dc24d36246e41e144008ce	0002e6a4	DREAMSFX.EXE	00041cd0	WEA_TestActiveGunObject_	C:\DREAMS\src\WEAPON.C	32	5e34707154621562520e4cf851e2253caed442daa91beeb428a6439614ff1398	9b95f25f00b46387ba292e2060b395c55170fcd10d7e3b5cf5e965fecf5027d3
DREAMS.EXE	45d00510f993d321d2288b0791a96297893de9e5e0dc24d36246e41e144008ce	0003e5e0	DREAMSFX.EXE	00052944	SYM_TestSymbole_	C:\DREAMS\src\SYMBOLE.C	208	e58853b71355596939af2a18b176581e2bf5c60113c6d45099f7dc032190b8c6	9b95f25f00b46387ba292e2060b395c55170fcd10d7e3b5cf5e965fecf5027d3
DREAMS.EXE	45d00510f993d321d2288b0791a96297893de9e5e0dc24d36246e41e144008ce	000444a8	DREAMSFX.EXE	000586a8	MMS_MallocMem_	C:\DREAMS\src\MMSYSTEM.C	47	bc9ed48aeaf7ef7694fcb4152a5c687f4bf19b7fa6aef330013bc54ede0fe84e	9b95f25f00b46387ba292e2060b395c55170fcd10d7e3b5cf5e965fecf5027d3
