module	source_start	source_end_exclusive	source_bytes	matched_functions	retail_first_anchor	retail_last_anchor	order_inversions	note
C:\DREAMS\src\spritea.asm	0001bbe0	0001e490	10416	12	004016e3	00403b60	0	Retail values bound matched anchors, not proven full module endpoints.
printf	0004e492	0004e4b4	34	1	00460d5f	00460d5f	0	Retail values bound matched anchors, not proven full module endpoints.
C:\SOURCES\BEN11\3DC_COL2.C	0004e7f0	000517d0	12256	42	0045ccc0	0045fadc	0	Retail values bound matched anchors, not proven full module endpoints.
C:\SOURCES\BEN11\3DC_COLL.C	000517d0	00055ed0	18176	37	00460de0	00465414	0	Retail values bound matched anchors, not proven full module endpoints.
C:\SOURCES\BEN11\3DC_MEM.C	00055ed0	0005a160	17040	76	00455218	004592fc	0	Retail values bound matched anchors, not proven full module endpoints.
fchop	0005b9c0	0005b9dd	29	1	0045943e	0045943e	0	Retail values bound matched anchors, not proven full module endpoints.
strncpy	0005bdcc	0005bdf1	37	1	00455190	00455190	0	Retail values bound matched anchors, not proven full module endpoints.
C:\SOURCES\BEN11\3DC_ANIM.C	0005be60	0005da80	7200	11	00459800	0045afa0	0	Retail values bound matched anchors, not proven full module endpoints.
C:\SOURCES\BEN11\3DC_MATH.C	0005da80	0005ebc7	4423	30	0045b040	0045c150	0	Retail values bound matched anchors, not proven full module endpoints.
strncmp	0005ebc7	0005ebf0	41	1	0045fd67	0045fd67	0	Retail values bound matched anchors, not proven full module endpoints.
C:\SOURCES\BEN11\3DC_TEXT.C	0005ebf0	0005f50c	2332	4	004655b0	00465ea4	0	Retail values bound matched anchors, not proven full module endpoints.
splitpat	0005f53b	0005f650	277	1	00465ecc	00465ecc	0	Retail values bound matched anchors, not proven full module endpoints.
cmp386	0005f650	0005f6f1	161	1	0045fc20	0045fc20	0	Retail values bound matched anchors, not proven full module endpoints.
open	0005f716	0005f988	626	1	0045c420	0045c420	0	Retail values bound matched anchors, not proven full module endpoints.
rand	0005fb08	0005fb50	72	2	00460842	00460866	0	Retail values bound matched anchors, not proven full module endpoints.
C:\SOURCES\BEN11\3DC_MAP.C	0005fb50	000600af	1375	7	00466040	00466500	0	Retail values bound matched anchors, not proven full module endpoints.
calloc	000600af	000600d0	33	1	0046659f	0046659f	0	Retail values bound matched anchors, not proven full module endpoints.
__stos	000600d0	00060180	176	2	004859c0	004859f7	0	Retail values bound matched anchors, not proven full module endpoints.
C:\SOURCES\BEN11\3DC_SL.C	00060180	00071404	70276	21	004665c8	00477458	0	Retail values bound matched anchors, not proven full module endpoints.
fclose	000719ab	00071aee	323	1	00460401	00460401	0	Retail values bound matched anchors, not proven full module endpoints.
qsort	00072056	00072510	1210	1	004608c1	004608c1	0	Retail values bound matched anchors, not proven full module endpoints.
m_6_0000.asm	0007c4c0	0007c640	384	1	0045c2c0	0045c2c0	0	Retail values bound matched anchors, not proven full module endpoints.
e:\winprog\dreams5\src\adpcm\dcadpcm.asm	0007c7b0	0007c828	120	1	00401010	00401010	0	Retail values bound matched anchors, not proven full module endpoints.
vsprintf	0007ca20	0007ca48	40	1	004778a8	004778a8	0	Retail values bound matched anchors, not proven full module endpoints.
memmove	0007cb90	0007cbdd	77	1	00460d12	00460d12	0	Retail values bound matched anchors, not proven full module endpoints.
C:\SOURCES\BEN11\3DC_LIGH.C	0007cf00	0007d1e8	744	10	00477cb0	00477ee0	0	Retail values bound matched anchors, not proven full module endpoints.
floor	0007d297	0007d2d3	60	1	0045fcdf	0045fcdf	0	Retail values bound matched anchors, not proven full module endpoints.
ceil	0007d2d3	0007d2ee	27	1	0045fd1b	0045fd1b	0	Retail values bound matched anchors, not proven full module endpoints.
fprtf	0007d2ee	0007d380	146	1	00485780	00485780	0	Retail values bound matched anchors, not proven full module endpoints.
C:\SOURCES\BEN11\3DC_HIER.C	0007e010	00084060	24656	5	00478980	0047e824	0	Retail values bound matched anchors, not proven full module endpoints.
C:\SOURCES\BEN11\3DC_PROF.C	00084060	00084360	768	11	004995e4	00499874	0	Retail values bound matched anchors, not proven full module endpoints.
C:\SOURCES\BEN11\3DC_LIST.C	00084360	000844d8	376	1	00478800	00478800	0	Retail values bound matched anchors, not proven full module endpoints.
prtf	000867b0	0008738e	3038	3	00486e80	00487684	0	Retail values bound matched anchors, not proven full module endpoints.
chk8087	000876ef	0008777e	143	2	0047eaec	0047eb1d	0	Retail values bound matched anchors, not proven full module endpoints.
mbconv	00087cc8	00087d54	140	1	0049acfb	0049acfb	0	Retail values bound matched anchors, not proven full module endpoints.
C:\SOURCES\BEN11\3DC_Z.C	00088120	000884b0	912	8	00486630	004868cc	0	Retail values bound matched anchors, not proven full module endpoints.
grownear	000886b9	00088c73	1466	1	00486060	00486060	0	Retail values bound matched anchors, not proven full module endpoints.
allocfp	00088c84	00088d81	253	2	00485b37	00485b70	0	Retail values bound matched anchors, not proven full module endpoints.
chktty	00088d81	00088db2	49	1	00485b8e	00485b8e	0	Retail values bound matched anchors, not proven full module endpoints.
xmsg	000951ba	000951e0	38	1	004783ce	004783ce	0	Retail values bound matched anchors, not proven full module endpoints.
d_j_2.asm	000951e0	00096830	5712	6	0047eb70	0047fa94	0	Retail values bound matched anchors, not proven full module endpoints.
d_6v0000.asm	00096830	0009b88b	20571	1	004801c0	004801c0	0	Retail values bound matched anchors, not proven full module endpoints.
fgetc	0009ba3d	0009bba1	356	1	00485d9d	00485d9d	0	Retail values bound matched anchors, not proven full module endpoints.
modf387	0009bdda	0009be00	38	1	004859a0	004859a0	0	Retail values bound matched anchors, not proven full module endpoints.
cpu.asm	0009cf50	0009cfc0	112	2	0048a617	0048a62f	0	Retail values bound matched anchors, not proven full module endpoints.
ini87386	000a0a98	000a0ac0	40	1	00489fe2	00489fe2	0	Retail values bound matched anchors, not proven full module endpoints.
sqrt387	000a0b06	000a0b6e	104	2	0045c208	0045c23a	0	Retail values bound matched anchors, not proven full module endpoints.
exp387	000a0bf8	000a0c70	120	1	00488ae6	00488ae6	0	Retail values bound matched anchors, not proven full module endpoints.
chipd32	000a0c70	000a138c	1820	7	00488b54	00489224	0	Retail values bound matched anchors, not proven full module endpoints.
3D_FL.asm	000a1680	000a16d0	80	1	0048a64a	0048a64a	0	Retail values bound matched anchors, not proven full module endpoints.
3D_LN.asm	000a16d0	000a1980	688	1	0048a690	0048a690	0	Retail values bound matched anchors, not proven full module endpoints.
3D_extil.asm	000a2990	000a3850	3776	1	0048b950	0048b950	0	Retail values bound matched anchors, not proven full module endpoints.
3D_FLT50.asm	000a4d60	000a4de0	128	1	0048dd20	0048dd20	0	Retail values bound matched anchors, not proven full module endpoints.
3D_lnt50.asm	000a4de0	000a5120	832	1	0048dda0	0048dda0	0	Retail values bound matched anchors, not proven full module endpoints.
3D_EXT50.asm	000a5120	000a6810	5872	1	0048e0e0	0048e0e0	0	Retail values bound matched anchors, not proven full module endpoints.
3D_ett50.asm	000a6810	000a7c00	5104	1	0048f7d0	0048f7d0	0	Retail values bound matched anchors, not proven full module endpoints.
3D_lntvr.asm	000a7c80	000a7dc0	320	1	00490c40	00490c40	0	Retail values bound matched anchors, not proven full module endpoints.
3D_extvr.asm	000a7dc0	000a92f0	5424	1	00490d80	00490d80	0	Retail values bound matched anchors, not proven full module endpoints.
3D_lnalf.asm	000a92f0	000a9450	352	1	004922b0	004922b0	0	Retail values bound matched anchors, not proven full module endpoints.
3D_exalf.asm	000a9450	000aaa40	5616	1	00492410	00492410	0	Retail values bound matched anchors, not proven full module endpoints.
3D_BK.asm	000aaa40	000aaac0	128	2	00493a00	00493a33	0	Retail values bound matched anchors, not proven full module endpoints.
3D_fl8.asm	000aaac0	000aaae0	32	1	00493a80	00493a80	0	Retail values bound matched anchors, not proven full module endpoints.
3D_ln8.asm	000aaae0	000aaba0	192	1	00493aa0	00493aa0	0	Retail values bound matched anchors, not proven full module endpoints.
3D_ex8.asm	000aaba0	000ab290	1776	1	00493b60	00493b60	0	Retail values bound matched anchors, not proven full module endpoints.
3D_exmip.asm	000ab2a0	000ac470	4560	1	00494260	00494260	0	Retail values bound matched anchors, not proven full module endpoints.
3D_lnmip.asm	000ac470	000ac760	752	1	00495430	00495430	0	Retail values bound matched anchors, not proven full module endpoints.
3D_flz.asm	000ac760	000ac820	192	1	00495720	00495720	0	Retail values bound matched anchors, not proven full module endpoints.
3D_lnz.asm	000ac820	000ac980	352	1	004957e0	004957e0	0	Retail values bound matched anchors, not proven full module endpoints.
3D_lng.asm	000ac980	000acaa0	288	1	00495940	00495940	0	Retail values bound matched anchors, not proven full module endpoints.
3D_lnzo.asm	000acaa0	000acc00	352	1	00495a60	00495a60	0	Retail values bound matched anchors, not proven full module endpoints.
3D_lnzt.asm	000acc00	000acd80	384	1	00495bc0	00495bc0	0	Retail values bound matched anchors, not proven full module endpoints.
3D_lgmip.asm	000acd80	000acee0	352	1	00495d40	00495d40	0	Retail values bound matched anchors, not proven full module endpoints.
3D_lnot.asm	000adef0	000adfe0	240	1	00496eb0	00496eb0	0	Retail values bound matched anchors, not proven full module endpoints.
3D_ex16.asm	000adfe0	000ae659	1657	1	00496fa0	00496fa0	0	Retail values bound matched anchors, not proven full module endpoints.
chipw32	000b2894	000b28c8	52	1	00486390	00486390	0	Retail values bound matched anchors, not proven full module endpoints.
math2err	000b2998	000b2a80	232	2	00489dc8	00489dd2	0	Retail values bound matched anchors, not proven full module endpoints.
C:\SOURCES\BEN11\3DC_DIV.C	000b2a80	000b2ce5	613	2	004998e0	004999e8	0	Retail values bound matched anchors, not proven full module endpoints.
strlen	000b3bd5	000b3bee	25	1	0045fd4e	0045fd4e	0	Retail values bound matched anchors, not proven full module endpoints.
_matherr	000b4890	000b490d	125	2	00498646	0049868e	0	Retail values bound matched anchors, not proven full module endpoints.
strcpy	000b4913	000b4932	31	1	0045505e	0045505e	0	Retail values bound matched anchors, not proven full module endpoints.
seterrno	00087eb6	00087eea	52	2	00485447	0048544e	0	Retail values bound matched anchors, not proven full module endpoints.
3D_bk8.asm	000ab290	000ab2a0	16	1	00494250	00494250	0	Retail values bound matched anchors, not proven full module endpoints.
abort	000b4932	000b494a	24	1	00499da6	00499da6	0	Retail values bound matched anchors, not proven full module endpoints.
