address	name	kind	sources	facts	note
# Load path: streams and decoders
004152f2	STRM_Open	descriptive	docs dsn-loader.md; blind review	call:_uopen_; call:0043b111; ref:005df484; caller:DSN_LoadHeader	Opens a file on the 0x2c-byte ring-buffer stream: closes the old fd, _uopen_, resets positions, allocates twice the buffer size from the MEM stack at 0x5df484. Returns 1/0.
004154db	STRM_Peek	descriptive	docs dsn-loader.md; blind review	call:memmove_; call:00460d82; caller:DSN_LoadHeader; caller:DSN_LoadVertexPool	Returns a pointer to N (EDX) contiguous buffered bytes without consuming them; copies wrapped bytes into the slack area; exits if even the slack is too small.
004155a2	STRM_Commit	descriptive	docs dsn-loader.md; blind review	const:fd; caller:DSN_LoadHeader; caller:DSN_LoadMaterialsAndFaces	Consumes the count set by STRM_Peek: advances the read position with wrap, updates available/free, clears flag bit 1 (& 0xfd).
0049afd1	LZ_Unpack	descriptive	docs dsn-loader.md, models.md; blind review	caller:DSN_LoadMaterialsAndFaces; caller:DSN_LoadVertexPool; caller:0041020f; caller:004105eb; ref:004f7720	Cryo LZ77 decompressor, hand-written asm with stack arguments (src, dst): 32-bit tag word with sentinel; 1 = literal, 01 = long match (13-bit offset, 3-bit length, extension byte, 0 ends), 00 = short match. Returns the output size.
00448e25	RLE_UnpackZeros	descriptive	docs file-formats.md; blind review	const:ff; caller:00448f5f; caller:00449bf9	Zero-run decoder (dst EAX, src EDX, length EBX): 00 N writes N zeros, other bytes are literals. DREAMS.DAT records.
# Load path: DAN, DSN, animation
0040fff7	DAN_OpenArchive	descriptive	docs re-setup.md, engine.md; blind review	str:DANF; str:not enough memory in DAN_Load3DC; const:96000; call:_uopen_; call:strncmp_	Opens a DANF animation pack: magic, 5-byte block, two u16-counted directories (11- and 13-byte entries), 0x96000 work buffer. Its error text says DAN_Load3DC, as does DAN_Read3DC's; neither is proven to be the function of that name.
0041020f	DAN_Read3DC	descriptive	docs engine.md; blind review	str:Debordement dans DAN_Load3DC; const:96000; call:0049afd1; caller:RES_ReadFile	Reads one type-1 compressed chunk (at most 0x96000 bytes) from the open DAN file and LZ_Unpacks it.
004105eb	DAN_Load3DA	descriptive	docs models.md, dsn-loader.md; blind review	call:strncmp_; call:0049afd1; caller:RES_ReadFile; ref:005db39c	Finds a .3DA name in the open DAN archive's 13-byte directory and LZ_Unpacks it; RES_ReadFile routes .3DA here.
00417a07	DSN_Create3DM	descriptive	docs dsn-loader.md; blind review	call:memcpy_; call:0045fd36; const:18014; const:10000; const:8000; caller:RES_ReadFile	In DSN mode a .3DM texture is built, not read: finds the name in the DSN 11-byte table, copies the 20-byte header template, zeroes a 0x8000 palette block and a 0x10000 page at +0x8014, returns 0x18014. DSN_LoadTextures fills it.
00404d98	ANIM_LoadEntitySet	descriptive	docs models.md, ai-animation-runtime.md; blind review	str:an???.3da; str:data\3dc\; call:004550b0; call:00455124; call:004551b5; call:00456e24; const:158	Loads an entity's clips: claims one of 16 family banks, lists an???.3da from the DAN archive or data\3dc\, atoi_ on the AN### suffix, RES_Load into slot[n]; fills gaps up to 64; sets obj+0x158 and obj+0xa9 bit 4.
# Load path: resources and models
00456e24	RES_Load	descriptive	docs scene-geometry.md; blind review	call:RES_ReadFile; call:00456368; ref:00661ee4; caller:00404d98; caller:0041d624	Reads a resource file into the arena (capped at the free space - 0x14), advances the arena top, then RES_Relocate. Returns a handle (index << 16) or -1.
00456368	RES_Relocate	descriptive	docs scene-geometry.md; blind review	call:00455eb4; call:00455e48; call:00456038; caller:00456e24; ref:00661e3c	Registers a loaded resource (handle, size, type, list links at 0x661e3c) and turns its offsets into pointers by type; type 1 (model) also relocates the node tree and loads its .3DM materials.
00455eb4	RES_RelocOffsetTable	descriptive	docs scene-geometry.md; blind review	size:36; caller:00456368	In place: p[i] = base + p[i] - bias over a counted offset table.
00455e48	MDL_RelocNodeTree	descriptive	docs scene-geometry.md; blind review	call:00455d6c; caller:00456368	Iterative depth-first walk (parent +0x10, child +0x14, sibling +0x18) calling MDL_RelocNode on each node.
00455d6c	MDL_RelocNode	descriptive	docs scene-geometry.md; blind review	call:00455700; const:80; const:a8; caller:00455e48	Adds the relocation delta to a node's pointers (+0x10..+0x18 links, +0x80..+0xa8), then relocates its primitive lists.
00455700	MDL_RelocPrimitives	descriptive	docs scene-geometry.md; blind review	const:44; caller:00455d6c	Relocates a linked list of typed primitive blocks; element records stride 0x44 (0x38 for types -2, 1, 4, 0x11, 0x1b).
00456038	MDL_LoadMaterials	descriptive	docs re-setup.md (string anchor); blind review	str:.3DM; call:00456e24; const:8014; caller:00456368	Resolves a model's 44-byte material names through a refcounted texture cache; a miss loads <dir><name>.3DM with RES_Load and caches the page at +0x8014.
# Load path: game data and disc
00449bf9	DDAT_LoadRecord	descriptive	docs file-formats.md; blind review	str:EMPTY; call:00448e25; const:96; ref:00633c14	Finds a named record among the 150 DREAMS.DAT entries (unless "EMPTY") and RLE_UnpackZeros it into 0x65b344; falls back to the previous name.
00427f11	CD_FindDrive	descriptive	docs re-setup.md (disc check); blind review	str:1CD.ID; str:2CD.ID; str:your CDROM does not contain a CD of DREAMS; const:5a; const:43; ref:0049ff2c	Tries drives Z down to C for X:\DATA\1CD.ID / 2CD.ID and stores the letter in 0x49ff2c; fatal error if none.
00426143	FSB_Load	descriptive	docs re-setup.md (file layer); blind review	str:DREAMS FSB; call:_uopen_; call:0045cc17; call:004778bd	Loads a "DREAMS FSB  " bank: 12-byte magic, count N, N sizes into a (pointer, size) table, then the blob. The meaning of FSB is unknown.
00427d64	CD_PrepareLevel	descriptive	docs boot-sequence.md; blind review	str:Please wait while loading; str:ListL%d.txt; call:00428626; call:00428356; caller:SCENE_LoadLevel	Level from the save record +0x1fc; asks for CD (level+1)>>1 if needed; with hard-disk caching copies the files listed in ListL<n>.txt / ListL0.txt to X:\CRYO\DREAMS\ behind "Please wait while loading ...".
004156bf	GAME_Init	descriptive	docs boot-sequence.md; blind review	str:hi640.spr; str:sour.alp; str:dialog.drd; const:172000; const:57800; call:00427d0e; call:00448f5f; call:0041072c; caller:WinMain	One-time startup: CD drive and paths, DREAMS.DAT, the 0x172000 MEM stack, the 0x57800 stream, fonts hi640/480/320, sour.alp, dialog.drd, UI icons. Failures are fatal.
# Load path: dialogue and sound
0041072c	DRD_Open	descriptive	docs sprites-ui-dialog.md, re-setup.md; blind review	str:DRDF; call:004285be; call:fopen_; call:fread_; caller:004156bf	Opens DRDF (DIALOG.DRD): 16-byte header, entry offset table, entry buffer sized from the header; current entry = -1.
00410928	DRD_LoadEntry	descriptive	docs sprites-ui-dialog.md, assets.md; blind review	call:fread_; const:64; ref:005db3a4; ref:005db3a8	Seeks to entry n and parses its sub-chunks: 2 = WAVE, 3 = timed text lines (time * 15/100), 4 = optional portrait.
00410cd6	DRD_SelectEntry	descriptive	docs sprites-ui-dialog.md; blind review	call:00410928; caller:MENJ_Dispatcher; size:67	Thin wrapper: DRD_LoadEntry, returns 0/1.
00410d19	DRD_PlayVoice	descriptive	docs sprites-ui-dialog.md; blind review	call:00446e01; call:MGM_SendMessage; ref:005db5c8	Plays the current entry's WAVE through DSOUND_PlayVoice and records MGM_SendMessage(0x11) as the start time.
00446e01	DSOUND_PlayVoice	descriptive	docs assets.md; blind review	ref:00633bf0; caller:00410d19; call:00447457	If sound is on (0x633bf0): Stop, SetCurrentPosition(0), fill the 11 kHz mono 8-bit buffer from the WAV (skipping its 0x2c header), Play.
# Load path: sprites and UI
0043ad40	BF_Mount	descriptive	docs re-setup.md; blind review	str:UBIK; str:is not a valid file; call:004092ae; call:00409304; call:004093f0; call:0043ac08; const:11c; const:103	Mounts a UBIK .BF archive: 16-byte header, directory of 0x103-byte names + offset + size into 0x11c-byte records added to the VFS table.
00425254	SPR_LoadSet	descriptive	blind review (docs research-log.md said font loader: same format, narrower claim)	str:.ALP; str:Error SprSet; const:1c00; call:00424e0d; call:00424e68; caller:004156bf	General sprite-set loader into slot EDX: 512-byte palette, 0x1c00-byte table of 256 descriptors at end - 0x1c04, pixels 16-bit when the name has .ALP. Fonts (via 0x425c61) and sour.alp load through it.
00426c46	SPR_LoadIconBanks	descriptive	docs file-formats.md; blind review	str:magie.alp; str:Read Icone Error; const:1c00; call:00409304; call:004093f0; caller:004341eb	Loads the five ICONES.BF banks named at 0x49dacc (magie.alp ..., stride 13) through the VFS; same TABLE format as SPR_LoadSet.
004341eb	UI_InitIcons	descriptive	docs sprites-ui-dialog.md, boot-sequence.md; blind review	str:icones.bf; str:mcombat; call:0043ad40; call:00426c46; call:00427217; caller:004156bf	Mounts data\icone\icones.bf, loads the icon banks, binds about 20 named icons (nothing, infosne, block, mcombat, joy_*) through ICON_FindByName.
00427217	ICON_FindByName	descriptive	docs sprites-ui-dialog.md; blind review	call:00477918; const:48; ref:0049db12; ref:0049dd9a	stricmp over the 72-name table at 0x49db12 (stride 9); returns the index and writes the (bank, slot) pair from 0x49dd9a to *EDX/*EBX; -1 if absent.
00435c2b	MENU_PlaceCornerIcons	descriptive	docs boot-sequence.md; blind review	str:UpLfNA; str:DnRg; call:00427217; caller:BOOT_Run	Looks up UpLf/UpRg/DnLf/DnRg (NA and lit variants) and places them on a 2x2 grid scaled by the display factors.
# File helpers
00409304	VFS_Open	descriptive	blind review x2	str:Open file Error; call:_uopen_; call:00409634; ref:004a2f94; const:11c	Opens from disk with _uopen_; failing that (read-only modes), looks the name up in the mounted .BF directory and returns -(index+1), seeking the archive to the entry.
004093f0	VFS_Read	descriptive	blind review x2	str:Read file Error; call:0045c6ba; ref:004a2f94; const:108	Read for VFS handles: a negative handle reads from its archive entry (clamped to the entry size); otherwise read_. Fatal on error.
00409634	VFS_Seek	descriptive	blind review x2	str:Seek file Error; call:0045cc17; ref:004a2f94; const:108	Seek (whence 0/1/2) for VFS handles: archive entries clamped to [0, size-1]; otherwise lseek_. Fatal on error.
0043ac08	VFS_AddArchiveEntries	descriptive	blind review x2	str:Nom: %s; call:memcpy_; ref:004a2f94; ref:004a2f98; const:11c; caller:0043ad40	Merges a batch of 0x11c-byte .BF directory entries into the global table (0x4a2f94, count 0x4a2f98): copy on first call, then replace same-name entries or grow.
004092ae	FILE_Exists	descriptive	blind review x2	call:_uopen_; call:0045c674; size:86	_uopen_ then close_; returns fd != -1.
004285be	FILE_GetInstallRoot	descriptive	blind review x2	str:X:\CRYO\DREAMS\; size:43	Returns "X:\CRYO\DREAMS\" (the drive letter is patched at run time).
0043ab0f	SYS_FatalError	descriptive	blind review x2	imp:MessageBoxA; str:Error; call:00460d82	MessageBoxA(g_hWnd, msg, "Error", MB_ICONERROR), then exit_.
0043b026	MEM_CreateStack	descriptive	blind review x2	call:004602d5; caller:004156bf	Creates a bump allocator {base, cur, size}; GAME_Init makes the 0x172000 one.
0043b111	MEM_Alloc	descriptive	blind review x2	caller:004152f2; caller:0040fff7; size:129	Allocates n bytes from a MEM stack: stores the old top after the block (back-link) and advances by n + 4; 0 when full.
00448f5f	DDAT_Load	descriptive	blind review x2	str:dreams.dat; const:25400; call:0045c6ba; call:00448e25; caller:004156bf	Loads dreams.dat (0x25400 bytes) and unpacks the current record; fills an "EMPTY" default table when the file is missing.
0041d624	ENT_LoadObject	descriptive	blind review x2	str:can't find DAN file; str:%sdata/3dc/%s; call:0040fff7; call:00456e24; const:2d0	Takes a free slot of 32 (stride 0x2d0) and loads a 3D object: its .DAN if any, the model via RES_Load, then its properties from the current DREAMS.DAT record.
00428626	CD_PromptSwap	descriptive	docs boot-sequence.md (CD-swap screen); blind review	str:Please change to CD no %d; str:DATA\1CD.ID; call:fopen_; caller:00427d64	Shows "Please change to CD no %d" and polls until DATA\1CD.ID or DATA\2CD.ID opens.
00428356	CD_CopyFileList	descriptive	blind review x2 (the first as a callee of CD_PrepareLevel)	str:error occurred while copying files to the hard; call:fopen_; call:0043ab0f; caller:00427d64	Reads a list file and copies each file to the hard disk in 0x8000-byte chunks; on failure deletes the copied .dsn/.dan/.hnm and LEVEL.ID, then a fatal error.
00427d0e	CD_InitPaths	descriptive	blind review x2 (the first as a callee of GAME_Init)	call:00427f11; call:_dos_setdrive_; str:X:\CRYO\DREAMS\; caller:004156bf	Startup: CD_FindDrive, checks the hard-disk install and FULL.ID, changes to the install and CD roots, _dos_setdrive_.
00424e0d	FILE_OpenOrDie	descriptive	blind review; its string	str:Open file Error; call:_uopen_; call:00424dda; size:91	_uopen_, fatal "Open file Error" on failure.
00424e68	FILE_ReadOrDie	descriptive	blind review; its string	str:Read file Error; call:0045c6ba; call:00424dda; size:98	read_, fatal "Read file Error" on failure.
00424eca	FILE_SeekOrDie	descriptive	blind review; its string	str:Seek file Error; call:0045cc17; call:00424dda; size:98	lseek_, fatal "Seek file Error" on failure.
00424f2c	FILE_CloseOrDie	descriptive	blind review; its string	str:Close file Error; call:0045c674; call:00424dda; size:82	close_, fatal "Close file Error" on failure.
0040fc1f	GAME_LoadSaveIcon	descriptive	blind review; its string	str:data\game\game%d.ico; const:2000; call:0045c6ba	Looks the slot up in a 10-entry table and loads data\game\game%d.ico (0x2000 bytes) into 0x5d8b98; zeroes it on failure.
# Watcom runtime not matched by the library signatures
004551b5	atoi_	runtime	docs models.md (parses the AN### suffix); blind review x2	ref:004ac7c4; caller:00404d98; size:87	Skips spaces (ctype bit 2), optional sign, accumulates digits (ctype bit 0x20) as n*10 + c - '0'.
00460d82	exit_	runtime	blind review x2	call:_exit_; call:0048641c; caller:__NTMain; caller:0043ab0f	atexit hook at 0x4aa9f4, __FiniRtns(0x10, 0xff), then _exit_.
0045c6ba	read_	runtime	blind review x2	imp:ReadFile; ref:004c2798; const:6d	ReadFile on the fd table at 0x4c2798; text mode drops CR and stops at ^Z; ERROR_BROKEN_PIPE (0x6d) returns the count.
0045c674	close_	runtime	blind review x2	ref:004c27ec; call:004855e9; size:70	fd range check, __NTRemoveFileHandle_, EBADF.
0045cc17	lseek_	runtime	blind review x2	imp:SetFilePointer; ref:004c2798; caller:00409634	SetFilePointer on the fd table, errno on failure.
004778bd	tell_	runtime	blind review x2	imp:SetFilePointer; ref:004c2798; size:91	SetFilePointer(h, 0, NULL, FILE_CURRENT).
0045fbfb	strupr_	runtime	blind review x2	const:61; size:30	In-place a-z to A-Z; returns its argument.
0045fd36	memset_	runtime	blind review x2	call:__STOSB; size:24	STOSB fill with the byte replicated into a dword; returns dest.
00477918	stricmp_	runtime	blind review x2	const:41; const:5a; caller:_fullpath_; size:59	ASCII case-folding compare; returns c1 - c2.
004550b0	_dos_findfirst_	runtime	blind review x2	imp:FindFirstFileA; call:__GetNTDirInfo_; call:__set_errno_dos_	FindFirstFileA, attribute filter, __GetNTDirInfo_.
00455124	_dos_findnext_	runtime	blind review x2	imp:FindNextFileA; call:__GetNTDirInfo_	FindNextFileA, attribute filter, __GetNTDirInfo_.
# Doc-referenced functions: docs + blind review + adjudication (2026-09-26)
004014d0	SPR_BlendChannel	descriptive	docs file-formats.md, sprites-ui-dialog.md; blind review (high); adjudicated AGREE	size:43; caller:00401524	Mixes one colour channel by alpha via the 32x32 product table.
00401524	SPR_BlendPixel	descriptive	docs file-formats.md, research-log.md, sprites-ui-dialog.md; blind review (high); adjudicated AGREE	const:f800; const:7c00; call:004014d0; ref:005ecdfc; ref:0049da1c	Blends two 565/555 pixels by the global alpha.
00401935	SPR_BlitSprite	descriptive	docs file-formats.md, sprites-ui-dialog.md; blind review (high); adjudicated AGREE	const:1c2; const:f7df; caller:SPR_Draw; caller:TEXT_DrawGlyph	Core clipped sprite blit into g_frameBuffer; flags opaque/50%/per-pixel alpha, half scale, darken.
0040368b	UI_DrawPyramidGauge	descriptive	docs file-formats.md, sprites-ui-dialog.md; blind review (medium); adjudicated AGREE	const:e862; const:bfd; const:fd; caller:00427859; call:00401524	Draws the HUD pyramid gauge, replacing marker bytes 0xff/0xfe/0xfd with fill texels below each level.
00403b60	UI_TickGaugeFire	descriptive	docs research-log.md, sprites-ui-dialog.md; blind review (medium); adjudicated AGREE	const:afafafaf; const:4d17; const:611f; const:14c0; caller:004184d3	Advances the 64x84 fire-noise buffer one step.
00403bcd	TEXT_BlitGlyphFaded	descriptive	docs file-formats.md, research-log.md; blind review (medium); adjudicated PARTIAL	caller:00425e74; call:00401524; const:f7df; const:40	Glyph blit with one alpha for the whole glyph.
0040484d	ANIM_InitStateTable	descriptive	docs ai-animation-runtime.md; blind review (high); adjudicated AGREE	ref:004f7728; ref:004f7734; const:fffe; caller:0041f42e; size:1355	Fills the 16x64 state-to-clip table: clip ids -1, per-state flags (2 one-shot, 4 locked, 8 hold, 0x20 cut)
00405118	ANIM_RequestState	descriptive	docs ai-animation-runtime.md; blind review (high); adjudicated AGREE	const:7e8; const:3e8; caller:SCENE_LoadLevel; call:__CHP; ref:005e5388	Stores the requested state (EDX) in +0x160 unless locked; turn states adjust angles.
004058d5	ANIM_ApplyPendingState	descriptive	docs ai-animation-runtime.md; blind review (high); adjudicated AGREE	call:00459800; call:004067a2; ref:004c33c8; caller:00407b51; ref:004f7728	Commits +0x160 to +0x15c, looks up the clip in 0x4f7728, starts a blend; picks idle after one-shots.
00405db4	ANIM_FinishBlend	descriptive	docs animation-root-blending.md, research-log.md; blind review (high); adjudicated AGREE	size:110; caller:00405f1f; caller:004062ad; caller:0041f42e; const:16c	Next clip/frames/time become current; clears the blending bit.
00405f1f	ANIM_TickBlend	descriptive	docs animation-root-blending.md, animation-timing.md, research-log.md; blind review (medium); adjudicated AGREE	caller:00407b51; call:00405db4; call:00459d60; ref:004c33d8	Cross-fade step between old and new clip, raises weight +0x164, finishes at 0x100.
004062ad	ANIM_TickSeamlessSwitch	descriptive	docs animation-root-blending.md, animation-timing.md; blind review (medium); adjudicated PARTIAL	caller:00407b51; call:0045bb84; const:11c; const:128; ref:004c33e8	Same-pair switch: poses, root motion to velocity, finishes the blend at once.
004068be	ANIM_TickClip	descriptive	docs animation-root-blending.md, animation-timing.md; blind review (medium); adjudicated AGREE	caller:00407b51; ref:004a477c; call:0045bb84; const:180	Normal anim tick: pose current frame, root motion to velocity with speed flags, advance time, one-shot end.
00407089	ENT_TickAll	descriptive	docs ai-animation-runtime.md; blind review (high); adjudicated DOCSILENT	caller:GAME_Tick; call:00407b51; const:2d0; ref:004fb7a8; call:0041ec38	Per-frame pass over the entity pools (16 at 0x630db8, 32 at 0x4fb7a8 stride 0x2d0)
00407b51	ENT_TickEntity	descriptive	docs ai-animation-runtime.md; blind review (high); adjudicated AGREE	caller:00407089; call:004058d5; call:004068be; call:00405f1f; call:004062ad	Per-entity update: angles, timed events, pending state, then blend/switch/normal anim tick.
0040ec46	INPUT_SetDeviceMode	descriptive	docs engine.md; blind review (medium); adjudicated AGREE	ref:0049d2f8; caller:GAME_HandleHotkeys; caller:00436ab6; size:44	Stores the input device mode.
00410e5d	AI_ResetSquadNode	descriptive	docs ai-animation-runtime.md; blind review (high); adjudicated AGREE	caller:004115a1; const:19c; const:20c; const:1d0	Zeroes a squad node's state.
00410f03	AI_AddSquadMember	descriptive	docs ai-animation-runtime.md, research-log.md; blind review (high); adjudicated AGREE	size:82; const:1ac; const:1a0; caller:004115a1	Adds a child to a group.
004115a1	AI_BuildSquads	descriptive	docs ai-animation-runtime.md; blind review (high); adjudicated PARTIAL	ref:004fb7a8; ref:005df474; const:2d0; call:00410f03; caller:004440aa	Rebuilds the squad tree (members, squads, top groups)
0041208f	AI_ApplySquadOrderTable	descriptive	docs ai-animation-runtime.md; blind review (medium); adjudicated AGREE	ref:0049d5a0; ref:00661e04; const:50; caller:00415109	Per-project order transition table per squad.
004131a4	AI_ScanNearbyActors	descriptive	docs ai-animation-runtime.md; blind review (high); adjudicated AGREE	call:004608e7; const:2000; ref:005011a8; const:1dc	Perception: sorted enemy and ally lists (cap 5)
00413b3b	AI_DispatchSquadOrders	descriptive	docs ai-animation-runtime.md; blind review (medium); adjudicated AGREE	call:0041304c; call:00413684; call:004138f9; const:214; caller:00415109	Squad order dispatcher.
00414646	AI_TickCombat	descriptive	docs ai-animation-runtime.md; blind review (medium); adjudicated PARTIAL	call:rand_; call:00405118; const:194; const:5fff; call:004145c3	Per-member melee combat decision.
00414b24	AI_RunMemberOrders	descriptive	docs ai-animation-runtime.md; blind review (high); adjudicated AGREE	size:105; call:004144c8; call:0041447d; call:00414646	Runs a member's order bits.
00414d61	AI_UpdateMemberStatus	descriptive	docs ai-animation-runtime.md; blind review (high); adjudicated AGREE	call:004131a4; const:258; call:00414c64; call:0043f254	Member sensing and status bits.
00414f6d	AI_AggregateSquadStatus	descriptive	docs ai-animation-runtime.md; blind review (high); adjudicated AGREE	const:800; const:1b1; size:412; caller:00415109	ORs member status into the squad.
00415109	AI_TickSquads	descriptive	docs ai-animation-runtime.md; blind review (high); adjudicated AGREE	caller:GAME_Tick; call:0041208f; call:00414f6d; ref:005df46c	Per-frame squad AI tick.
00415201	STRM_Create	descriptive	blind review (high); adjudicated UNSURE	call:004602d5; caller:GAME_Init; size:189; const:2c	Constructor of the 0x2c-byte ring-buffer stream.
004158e2	VID_Swap	descriptive	docs engine.md; blind review (medium); adjudicated AGREE	call:0044549b; caller:CD_PromptSwap; caller:CD_PrepareLevel; ref:005e5498; size:74	Toggles the double-buffer index, presents.
00415aa7	GAME_HandleHotkeys	descriptive	docs engine.md, research-log.md; blind review (medium); adjudicated AGREE	str:True Shadow; str:Girl Power; str:Camera 1; call:MGM_SendMessage; const:4b	Per-frame hotkeys.
00415f00	GAME_InitSubsystems	descriptive	docs boot-sequence.md; blind review (medium); adjudicated PARTIAL	str:Sound Is On; str:Audio CD Is On; str:can't create MGM; call:INPUT_Init; caller:WinMain	Game-side start-up: event queue, INPUT_Init, main handler, sound, audio CD, optional intro.
00416606	DBG_DrawObjectInfo	descriptive	docs dsn-loader.md, file-formats.md; blind review (high); adjudicated AGREE	str:Debug Info; str:Object PHY Speed; call:0044d5c7; call:_itoa_; ref:0049d5d0	Debug overlay.
0041745e	WinMain	recovered	docs boot-sequence.md; blind review (high); adjudicated AGREE	caller:__NTMain; call:GAME_Init; call:00436481; call:MGM_DispatchMessages	Entry point: called by the Watcom runtime __NTMain (0x48646d); init, front end and game loop, shutdown.
004175bc	DSN_LoadHeader	descriptive	docs dsn-loader.md; blind review (high); adjudicated AGREE	str:DSNF; str:.3DI; call:STRM_Open; caller:0041da7d; ref:005df49c	Opens a DSN container: magic, map names and records.
004177f5	DSN_LoadMaterialsAndFaces	descriptive	docs dsn-loader.md; blind review (high); adjudicated AGREE	call:LZ_Unpack; call:STRM_Peek; caller:0041c666; const:8000	Reads the .3DC chunk (type 1) and LZ_Unpacks it.
004178fe	DSN_LoadVertexPool	descriptive	docs dsn-loader.md; blind review (high); adjudicated AGREE	call:LZ_Unpack; call:strupr_; caller:0041c666; const:40	Reads the .3DI chunk (type 2)
00417afd	DSN_LoadTextures	descriptive	docs dsn-loader.md, file-formats.md; blind review (medium); adjudicated AGREE	str:map %s not used; const:3c00; const:c00; caller:004240ba; ref:005dfb88	Streams the texture maps in 32 steps (type 3 palettes, type 4 slices)
00417d78	DSN_BlitTileToPage	descriptive	docs dsn-loader.md; blind review (medium); adjudicated AGREE	call:00401090; caller:DSN_LoadTextures; ref:0049d7f0; ref:0049d8f0; ref:0049d5f0	Copies one tile into a 256-wide texture page.
00417fe7	VID_RestoreBackground	descriptive	docs engine.md; blind review (medium); adjudicated AGREE	call:00445bf2; call:memcpy_; call:00445c3f; caller:004337c0; ref:005e1090	Copies the saved background over g_frameBuffer.
004184d3	UI_PrimeGaugeFire	descriptive	docs research-log.md; blind review (medium); adjudicated AGREE	call:00403b60; caller:BOOT_Run; size:64	Runs the fire step 8 times at boot.
0041c666	RES_ReadFile	descriptive	docs dsn-loader.md, re-setup.md; blind review (medium); adjudicated AGREE	caller:RES_Load; call:DSN_Create3DM; call:DAN_Load3DA; str:%s%s; str:.3DA	File loader behind RES_Load: routes to DSN/DAN readers or reads the raw body.
0041cb77	ENT_InitDefaults	descriptive	docs animation-timing.md; blind review (high); adjudicated AGREE	call:memset_; const:2d0; caller:ENT_LoadObject; caller:ENT_InstantiateFromObjet	Clears a 0x2d0 entity and sets defaults (rate 1.5 ...)
0041da7d	ENT_LoadModel	descriptive	docs dsn-loader.md; blind review (medium); adjudicated AGREE	str:can't find DSN file; str:No 3di file; call:DAN_OpenArchive; call:004175bc; caller:0041deb8	Loads one actor's model (DSN, DAN, .3DC, .3DI, anim set)
0041deb8	ENT_InstantiateFromObjet	descriptive	docs ai-animation-runtime.md; blind review (medium); adjudicated AGREE	call:0041da7d; call:0041dd8b; caller:0041f9db; ref:004fbd48; str:data/3dc/	Spawns an actor from a scene object definition.
0041f42e	SCENE_InitLevel	descriptive	docs ai-animation-runtime.md, animation-timing.md; blind review (medium); adjudicated PARTIAL	call:ENT_LoadObject; call:ANIM_LoadEntitySet; call:CAM_CompCameraPos; caller:SCENE_LoadLevel; const:4298b852	Scene start-up after loading: world state, per-level settings, player avatar and anims, module inits, camera.
0041f9db	SCENE_LoadLevel	descriptive	docs ai-animation-runtime.md, boot-sequence.md; blind review (medium); adjudicated PARTIAL	call:CD_PrepareLevel; call:0041deb8; call:00417afd; ref:00661e08; const:6c0	Level loader when the pending-load flag is set.
00420b60	SCENE_CheckExits	descriptive	docs research-log.md, sprites-ui-dialog.md; blind review (medium); adjudicated PARTIAL	str:Project0; str:\hnm\; call:DDAT_LoadRecord; caller:GAME_Tick; const:41700000	Checks up to 8 exit zones, loads the target scene; player death restart via Project0.
004231f0	ENT_UpdateSwimming	descriptive	docs research-log.md, sprites-ui-dialog.md; blind review (medium); adjudicated AGREE	ref:005e5490; call:rand_; call:0042315a; call:00419f02; caller:00407b51	Per-actor water update: swim state, splash, air refill, bubbles.
00423399	ENT_TickPlayerStatus	descriptive	docs research-log.md, sprites-ui-dialog.md; blind review (medium); adjudicated PARTIAL	str:Manual Fight; str:Automatic Fight; call:SW_SelectFlush; call:00443853; ref:005e5490	Player per-frame status: hazards, water/air, fight-mode toggle, stamina.
004240ba	GAME_Tick	descriptive	docs ai-animation-runtime.md, boot-sequence.md; blind review (medium); adjudicated PARTIAL	str:END.DSN; str:Pause; str:tete_e~1.hnm; call:0041f9db; call:MGM_SendMessage	Per-frame game tick.
0042493b	INPUT_PostEvents	descriptive	docs animation-timing.md, engine.md; blind review (medium); adjudicated AGREE	imp:QueryPerformanceCounter; call:00440757; call:0043b31a; caller:MGM_DispatchMessages; ref:005e54bb	Polls keyboard/joysticks and queues messages 0x33/0x3b/0x3d/0x39/0x3a.
00424b4f	SYS_SetTimerRates	descriptive	docs animation-timing.md; blind review (medium); adjudicated AGREE	call:00440802; caller:MGM_SendMessage; ref:005e54b8; ref:005e54ac	Message handler setting the two timer rates.
00424c5f	JOY_EnablePov	descriptive	docs engine.md; blind review (medium); adjudicated AGREE	ref:005e54bb; caller:MGM_SendMessage; size:40	Sets the joystick-1 (POV reader) event gate.
00424c87	JOY_DisablePov	descriptive	docs engine.md; blind review (medium); adjudicated AGREE	ref:005e54bb; caller:MGM_SendMessage; size:40	Clears it.
00424caf	JOY_Enable	descriptive	docs engine.md; blind review (medium); adjudicated AGREE	ref:005e54ba; caller:MGM_SendMessage; size:40	Sets the joystick-2 event gate.
00424cd7	JOY_Disable	descriptive	docs engine.md; blind review (medium); adjudicated AGREE	ref:005e54ba; caller:MGM_SendMessage; size:40	Clears it.
00424f7e	SPR_InitMulTables	descriptive	docs file-formats.md, research-log.md, sprites-ui-dialog.md; blind review (high); adjudicated PARTIAL	caller:SPR_LoadSet; caller:SPR_LoadIconBanks; const:40; size:165	Fills the 32x32 and 64x64 multiply tables.
004257a0	TEXT_DrawGlyph	descriptive	docs engine.md; blind review (high); adjudicated AGREE (the reviewer saw this function's existing name in a helper file)	const:40c; call:00425593; call:00401935; caller:00425b4c; size:152	Draws one character, advances x.
00425838	TEXT_GetWidth	descriptive	docs engine.md; blind review (high); adjudicated AGREE	call:vsprintf_; const:40c; caller:00425b4c; size:156	Formats and returns pixel width.
00425b4c	TEXT_PrintCentered	descriptive	docs engine.md; blind review (high); adjudicated AGREE	call:00425838; call:004257a0; caller:CD_PromptSwap; caller:CD_PrepareLevel; call:vsprintf_	Printf-style centred text.
00425c61	TEXT_LoadFont	descriptive	docs file-formats.md, research-log.md, sprites-ui-dialog.md; blind review (high); adjudicated AGREE	caller:GAME_Init; call:SPR_LoadSet; call:00425d77; const:40c; const:100	Loads font slot n (0x40c record) via SPR_LoadSet and caches advances; space = width of '0'.
00425f07	TEXT_PrintFaded	descriptive	docs sprites-ui-dialog.md; blind review (high); adjudicated PARTIAL	call:vsprintf_; call:00425e74; call:VID_Lock; const:280; const:40c	printf-style text drawn with one alpha per glyph: the faded twin of TEXT_Print (glyphs through 0x425e74 and TEXT_BlitGlyphFaded).
00426073	TEXT_Print	descriptive	docs boot-sequence.md, engine.md, file-formats.md; blind review (medium); adjudicated AGREE	const:280; ref:0049d9fc; call:00425fd7; call:vsprintf_; caller:00435ea0	Printf-style text with a style argument.
004268ac	VID_BlitHnm6Frame	descriptive	docs cryolib.md; blind review (high); adjudicated AGREE	call:HNM6_DecompressFrame; call:VID_Lock; const:1e0; const:96; caller:00408df2	Decodes an HNM6 frame and blits it with letterbox/subsample.
00427020	SPR_LoadPortrait	descriptive	docs research-log.md, sprites-ui-dialog.md; blind review (medium); adjudicated PARTIAL	const:1c04; const:7fe0; ref:0049ff26; call:00426fad; caller:00436ab6	Builds the picture sprite 0x49ff26 from a TABLE blob in memory.
00427315	UI_InitPyramidIcons	descriptive	docs sprites-ui-dialog.md; blind review (high); adjudicated AGREE	str:pyrambo; str:pyrcurs; call:ICON_FindByName; caller:UI_InitIcons; ref:0060ce68	Looks up the pyramid gauge icons.
00427432	SPR_DrawPortrait	descriptive	docs research-log.md, sprites-ui-dialog.md; blind review (medium); adjudicated PARTIAL	call:00401935; ref:0049ff26; caller:00436ab6; size:126	Draws the picture sprite.
004274b0	SPR_Draw	descriptive	docs engine.md, file-formats.md, sprites-ui-dialog.md; blind review (medium); adjudicated AGREE (the reviewer saw this function's existing name in a helper file)	ref:0049db0d; const:190; ref:0049da00; call:00401935; caller:00435ea0	Draws one frame of a sprite bank: 0x1c-byte frame headers from 0x60ce78[bank], row*16+col when the bank flag at 0x49db0d is set; half-size below 400 pixels.
00427859	UI_UpdatePyramidGauge	descriptive	docs sprites-ui-dialog.md; blind review (medium); adjudicated AGREE	call:0040368b; call:00427ae9; call:SPR_Draw; const:42c80000; caller:00434596	Per-frame pyramid gauge update (life/magic, flash sprites)
00427ae9	UI_CopyFireToGauge	descriptive	docs research-log.md, sprites-ui-dialog.md; blind review (medium); adjudicated AGREE	const:54; ref:0060ce6c; ref:0060ce70; caller:00427859	Copies the fire buffer into the gauge fill sprites.
004288c6	SCENE_InitTriggers	descriptive	docs research-log.md, sprites-ui-dialog.md; blind review (high); adjudicated AGREE	const:1e00; call:memset_; call:strcpy_; ref:006155e4; caller:0041f42e	Builds the 16-entry scene trigger table from the scene record.
00429061	SCENE_TickTriggers	descriptive	docs research-log.md, sprites-ui-dialog.md; blind review (high); adjudicated AGREE	ref:006155e4; ref:004a0f88; const:9c40; call:00443853; caller:0042a037	Evaluates the 16 scene triggers each frame.
0042ce4a	ENT_TickTransform	descriptive	docs sprites-ui-dialog.md; blind review (low); adjudicated PARTIAL	ref:006159b8; ref:004fbac8; call:0042d0ae; call:0042d239; caller:GAME_Tick	Transform meter.
0042d0ae	ENT_BeginTransform	descriptive	docs research-log.md, sprites-ui-dialog.md; blind review (low); adjudicated CONFLICT	const:1e8480; ref:004fbb48; ref:006159b8; call:0042c583; caller:0042ce4a	Starts the transformation (alternate actor takes over)
0042f246	MENU_DrawObjectInfo	descriptive	docs sprites-ui-dialog.md; blind review (medium); adjudicated CONFLICT	str:Fire ball; call:ICON_FindByName; call:SPR_Draw; call:00425f07; caller:0042f72e	Object (category 2) detail panel of the pause menu: large icon from the 9-byte name table at 0x49db12 and three text lines; called from the object grid MENU_DrawObjectPage. Byte-identical code to MENU_DrawSpellInfo.
0042f38b	MENU_HandleObjectInput	descriptive	docs sprites-ui-dialog.md; blind review (medium); adjudicated CONFLICT	ref:004a1004; ref:004a1008; call:ICON_FindByName; call:00446654; caller:004318d0	Object-page input: moves the cursor 0x4a1004 over the grid (count 0x4a1008, built by MENU_BuildObjectList), plays menu sounds, stores the chosen object in 0x615410.
0042f72e	MENU_DrawObjectPage	descriptive	docs sprites-ui-dialog.md; blind review (medium); adjudicated CONFLICT	call:0042f246; call:0042779c; call:SPR_Draw; const:e6; caller:00432b45	Draws the object page of the pause menu: equipped-object icon, grid of up to 16 objects, then MENU_DrawObjectInfo.
0042fb74	MENU_BuildObjectList	descriptive	docs research-log.md, sprites-ui-dialog.md; blind review (medium); adjudicated CONFLICT	ref:0049dfda; ref:00615410; ref:004a1008; call:ICON_FindByName; caller:004337c0	Builds the object list: the 32 inventory name slots at 0x615210 whose category byte (0x49dfda) is 2, i.e. the 16 quest/inventory objects (cleeau..surfplan); category 1 is the 14 spells.
0042fd30	MENU_DrawSpellInfo	descriptive	docs sprites-ui-dialog.md; blind review (medium); adjudicated CONFLICT	str:Fire ball; call:ICON_FindByName; call:00425f07; caller:00430494	Spell detail panel, called by the spell grid MENU_DrawSpellPage; byte-identical code to MENU_DrawObjectInfo.
0042fe75	MENU_HandleSpellInput	descriptive	docs sprites-ui-dialog.md; blind review (medium); adjudicated AGREE	caller:004318d0; call:004356c4; call:0043574c; const:e0; ref:004a1024	Spell tab input: 4x4 grid, assign to three quick slots.
00430494	MENU_DrawSpellPage	descriptive	docs sprites-ui-dialog.md; blind review (medium); adjudicated AGREE	caller:00432b45; call:0042fd30; call:0042779c; call:SPR_Draw; const:50	Draws the spell tab.
004308f2	MENU_BuildSpellList	descriptive	docs research-log.md, sprites-ui-dialog.md; blind review (medium); adjudicated AGREE	ref:0049dfda; call:ICON_FindByName; caller:0043141c; caller:004337c0	Builds the available spell list.
00430a45	MENU_DrawOptionsPage	descriptive	docs research-log.md; blind review (high); adjudicated AGREE	str:Real shadow; str:Manual fight; str:Cinemascope; caller:MENU_Tick; caller:00432b45	Draws the Options page.
00430e46	MENU_InitGameMenu	descriptive	docs research-log.md, sprites-ui-dialog.md; blind review (high); adjudicated AGREE	str:UpLfNA; str:DnRg; str:Desc1; caller:004337c0; call:0040eb4f	Sets up the game menu: tab icons, labels, positions.
0043126a	MENU_DrawHelpText	descriptive	docs sprites-ui-dialog.md; blind review (medium); adjudicated AGREE	str:Reload and play again; call:00425f07; caller:00432b45; ref:004a1543	Three-line help text for entry n.
0043141c	MENU_OpenSpellMenu	descriptive	docs sprites-ui-dialog.md; blind review (high); adjudicated AGREE	caller:GAME_HandleHotkeys; call:004308f2; call:004337c0	Hotkey: opens the game menu on the spell tab.
004314ec	MENU_UpdateResolutionIndex	descriptive	docs boot-sequence.md; blind review (medium); adjudicated CONFLICT	const:320; const:258; ref:004a2f01; caller:MENU_Tick; caller:00431603	Resolution index 0..5 from width/height/scale.
004318d0	MENU_HandleGameMenuInput	descriptive	docs research-log.md, sprites-ui-dialog.md; blind review (high); adjudicated AGREE	ref:00626fd8; call:0040ec72; call:0042fe75; call:0042f38b; call:00431603	Per-frame game-menu input.
00432b45	MENU_DrawGameMenu	descriptive	docs boot-sequence.md, research-log.md, sprites-ui-dialog.md; blind review (high); adjudicated AGREE	str:Options; str:Quit; call:00437c01; call:00430a45; call:0043126a	Draws the game menu.
004337c0	MENU_RunGameMenu	descriptive	docs boot-sequence.md, research-log.md, sprites-ui-dialog.md; blind review (high); adjudicated AGREE	call:MGM_DispatchMessages; call:004318d0; call:00430e46; caller:0043141c; caller:00431351	Main loop of the game menu.
00433c4e	BOOT_PushEventHandler	descriptive	docs boot-sequence.md; blind review (medium); adjudicated AGREE	call:0043b23e; ref:004339cf; ref:00626efc; caller:BOOT_Run	Creates a queue and installs 004339cf as the hook, saving the old one.
00433cb9	BOOT_PopEventHandler	descriptive	docs boot-sequence.md; blind review (medium); adjudicated AGREE	call:0043b2e4; ref:00626efc; ref:004a2f69; caller:BOOT_Run	Frees it and restores the saved handler.
004344ae	UI_ComputeHudScale	descriptive	docs research-log.md, sprites-ui-dialog.md; blind review (high); adjudicated AGREE	const:320; const:258; ref:004a2f19; ref:004a2f15; caller:BOOT_Run	HUD layout divisors and virtual size for the current resolution.
00434596	UI_DrawHud	descriptive	docs research-log.md, sprites-ui-dialog.md; blind review (medium); adjudicated AGREE	call:MENJ_Dispatcher; call:00427859; call:00403b60; call:004344ae; const:1500	Per-frame in-game HUD draw.
00435ea0	MENU_Draw	descriptive	docs engine.md, sprites-ui-dialog.md; blind review (medium); adjudicated AGREE	call:004274b0; call:00426073; caller:00435fae; ref:004a2ef9	Draws the 4 main menu items.
00435fae	MENU_Tick	descriptive	docs boot-sequence.md; blind review (medium); adjudicated AGREE	caller:00436481; call:00435ea0; call:00437aa2; call:00446654; ref:004a2eed	Main menu input tick.
004363c8	BOOT_TickFrame	descriptive	docs boot-sequence.md; blind review (medium); adjudicated PARTIAL	call:MENU_Draw; call:VID_Swap; call:00408816; ref:004a2f31; caller:BOOT_Run	Per-frame boot/menu step, 40 ms ticks.
00436481	BOOT_Run	descriptive	docs boot-sequence.md; blind review (medium); adjudicated AGREE	str:intro.hnm; str:generic.hnm; call:MGM_DispatchMessages; caller:0041745e; const:41700000	Front end: intro, generic, menu loop.
00436ab6	MENJ_PlayVoiceCaptions	descriptive	docs sprites-ui-dialog.md; blind review (medium); adjudicated AGREE	str:Again; call:00410b8c; call:00427020; caller:MENJ_Dispatcher; ref:00626810	Voice message with synchronized captions and portrait; Again/exit.
00437aa2	MENU_InitSaveSlotSelect	descriptive	docs boot-sequence.md, game-content.md, sprites-ui-dialog.md; blind review (medium); adjudicated PARTIAL	call:GAME_LoadSaveIcon; call:strcpy_; caller:MENU_Tick; caller:00431351; ref:004a2f3d	Picks the default save slot (0 load: most recent; 1 save: most recent unflagged) and loads its thumbnail.
00437c01	MENU_DrawSaveSlots	descriptive	docs sprites-ui-dialog.md; blind review (high); adjudicated AGREE	str:Empty; str:*%d. %s; call:strcat_; ref:004c53c0; caller:MENU_Tick	Draws the 10-slot save/load list.
0043a169	INPUT_Init	descriptive	docs engine.md; blind review (low); adjudicated PARTIAL	call:0044091d; call:00440bc2; call:0043b23e; ref:00626f84; caller:00415f00	Joystick setups, creates the message queue.
0043b31a	MGM_PostMessage	descriptive	blind review (high); adjudicated DOCSILENT	caller:0042493b; caller:00429061; caller:00408939; size:126	Pushes a 12-byte message onto a ring buffer.
0043d360	PHYS_IntegrateMotion	descriptive	docs ai-animation-runtime.md, research-log.md; blind review (high); adjudicated AGREE	ref:004a477c; const:250; const:278; ref:005e5388; caller:0043d83e	Forces/mass/dt into velocity with mode damping, collision, displacement.
0043d83e	PHYS_TickEntity	descriptive	docs animation-root-blending.md, research-log.md; blind review (high); adjudicated AGREE	str:physics mode unknown; call:SYS_FatalError; call:sqrt_; call:0043d360	Per-entity physics tick by mode.
00440757	INPUT_PollKeyboard	descriptive	docs engine.md; blind review (high); adjudicated AGREE	imp:GetAsyncKeyState; ref:006308d8; const:fb; const:fd; caller:0042493b	256-entry key state with edge bits.
00440802	SYS_InitTimer	descriptive	docs animation-timing.md, research-log.md; blind review (high); adjudicated AGREE	imp:timeGetTime; const:3e8; ref:006309e8; ref:006309f0; caller:00424b4f	Timer init: periods 1000/rate.
00440890	SYS_UpdateTimer	descriptive	docs animation-timing.md, research-log.md; blind review (high); adjudicated AGREE	imp:timeGetTime; call:0045c26f; caller:INPUT_PostEvents; ref:006309dc	Timer poll.
0044091d	JOY_InitPovDevices	descriptive	docs engine.md; blind review (high); adjudicated AGREE	imp:joyGetNumDevs; imp:joyGetDevCapsA; const:483; ref:006309f4; ref:00630848	Finds joysticks 0/1 with POV detection.
00440ad3	JOY_PollPov	descriptive	docs engine.md; blind review (high); adjudicated AGREE	imp:joyGetPosEx; const:483; ref:00630848; caller:0042493b	Reads joystick N with POV.
00440bc2	JOY_InitDevices	descriptive	docs engine.md; blind review (medium); adjudicated AGREE	imp:joyGetDevCapsA; ref:006309ec; const:483; caller:0043a169	Copy of the init without POV.
00440d3d	JOY_Poll	descriptive	docs engine.md, research-log.md; blind review (medium); adjudicated AGREE	imp:joyGetPosEx; const:483; ref:00630848; caller:0042493b	Reads joystick N without POV.
00442786	ENT_PlaceAtFacingOffset	descriptive	docs ai-animation-runtime.md; blind review (medium); adjudicated PARTIAL	call:0045c1db; call:0045c1cf; const:10c; ref:004c585c	Places dst at src position + facing vector * radius.
00442944	ENT_SpawnAttackObject	descriptive	docs ai-animation-runtime.md; blind review (medium); adjudicated AGREE	ref:00630db8; call:00442786; call:00442e0d; const:3e8; call:0042cb78	Spawns an attack object from the 16-slot pool.
00442e0d	ENT_MoveAttackObject	descriptive	docs ai-animation-runtime.md; blind review (medium); adjudicated AGREE	ref:00633acc; call:00441726; call:0042bf20; const:1dc	Moves/homes an attack object.
00443619	ENT_ApplyDamage	descriptive	docs ai-animation-runtime.md; blind review (high); adjudicated AGREE	call:MGM_PostMessage; call:strncmp_; const:c350; ref:00633ac4; const:45	Applies damage (victim EAX, attacker EDX, amount EBX)
004440aa	ENT_ApplyAttackHit	descriptive	docs ai-animation-runtime.md; blind review (high); adjudicated AGREE	str:Project10; call:DDAT_LoadRecord; call:MGM_SendMessage; call:004115a1; call:00443619	Resolves an attack object's hit by type.
00444b8f	ENT_TickAttackObject	descriptive	docs ai-animation-runtime.md; blind review (high); adjudicated PARTIAL	call:004440aa; call:004432bf; call:0044346c; ref:004c59f4; caller:00407089	Per-tick update of an attack object.
004453ec	VID_ReleaseSurfaces	descriptive	docs engine.md; blind review (high); adjudicated AGREE	imp:DeleteDC; imp:DeleteObject; ref:00633b18; ref:004a452c; caller:004460a9	Releases DirectDraw objects or the GDI DIB/DC.
0044549b	VID_Present	descriptive	docs engine.md; blind review (high); adjudicated AGREE	call:00445a57; call:004458bb; caller:004158e2; ref:00633b18; size:54	Present dispatcher DDraw/GDI.
004454d1	VID_SetMode	descriptive	docs engine.md; blind review (high); adjudicated PARTIAL	call:004455ad; call:0044554b; caller:00445955; caller:0043a9b9; ref:00633b1c	Sets the mode via the DDraw or GDI back end, stores the size.
004455ad	DDRAW_SetMode	descriptive	docs engine.md; blind review (high); adjudicated AGREE	str:Can't create primary surface under DirectDraw; const:218; const:f800; const:7c00; ref:004a4544	SetDisplayMode 16bpp, 565/555 check, primary + flip chain.
004458bb	GDI_Present	descriptive	docs engine.md; blind review (high); adjudicated AGREE	imp:StretchBlt; imp:GetClientRect; const:cc0020; caller:0044549b	StretchBlt of the DIB.
00445955	DDRAW_Init	descriptive	docs engine.md; blind review (high); adjudicated AGREE	str:Can't start Direct Draw; str:Can't go to Direct Draw 2; str:Can't set DirectDraw mode; const:96000; call:004454d1	DirectDraw start-up.
00445a57	DDRAW_Present	descriptive	docs engine.md; blind review (high); adjudicated AGREE	const:887601c2; const:8876021c; call:memcpy_; caller:0044549b; size:349	Lock, copy, unlock, Flip, Restore.
00445bf2	VID_Lock	descriptive	docs engine.md; blind review (high); adjudicated AGREE	const:64; ref:004a4540; ref:00633b18; caller:00417fe7; size:77	Locks the back surface.
00445c3f	VID_Unlock	descriptive	docs engine.md; blind review (high); adjudicated AGREE	const:80; ref:004a4540; ref:00633b18; caller:00417fe7; size:69	Unlocks it.
00445c84	GDI_CreateDIB	descriptive	docs engine.md; blind review (high); adjudicated AGREE	imp:CreateDIBSection; imp:SelectObject; const:f800; ref:00633ae4; caller:0044554b	Creates the 565 DIB section frame buffer.
00446019	VID_Init	descriptive	docs engine.md; blind review (medium-high); adjudicated AGREE	const:280; const:1e0; ref:00633b18; call:00445398; caller:0041745e	Top-level video init.
004460cf	VID_CreateWindow	descriptive	docs engine.md; blind review (high); adjudicated AGREE	str:Dreams to Reality; imp:RegisterClassA; imp:CreateWindowExA; imp:AdjustWindowRectEx; caller:VID_Init	Registers the class and creates the main window.
004463e9	DSOUND_Init	descriptive	docs engine.md; blind review (high); adjudicated AGREE	call:0049b2ee; call:00446ebb; call:00446f98; caller:MGM_SendMessage; const:5dc	DirectSound start-up.
00446654	DSOUND_PlaySound	descriptive	docs boot-sequence.md; blind review (high); adjudicated AGREE	call:004471d8; call:00447390; call:00447457; ref:00633bf0; ref:00633b44	Plays a sound on a free voice.
00446ebb	DSOUND_CreatePrimary	descriptive	blind review (high); adjudicated AGREE	const:5622; const:58; ref:00633be8; caller:004463e9; size:221	Primary buffer, 22050 Hz 16-bit stereo.
00446f98	DSOUND_CreateChannels	descriptive	blind review (high); adjudicated AGREE	const:19000; const:2b110; const:4b000; const:e0; ref:00633b40	Voice buffers + 22k stereo + 11k mono buffers.
0044e9b0	HNM5_DecodeFrame640	descriptive	docs cryolib.md; blind review (medium); adjudicated AGREE	caller:00408b4e; ref:0060ce18; ref:0060ce14; const:780; size:25651	HNM5 IV chunk decoder.
00455278	ANIM_GetTrackEntry	descriptive	docs models.md, research-log.md; blind review (medium); adjudicated CONFLICT	size:16; ref:00661ee0; caller:004553f8	Returns track entry [track] of the clip record 0x661ee0[clip] (+0x18 holds the per-node tracks).
004553f8	ANIM_GetTrackByHandle	descriptive	docs models.md; blind review (medium); adjudicated CONFLICT	size:45; call:00455278; caller:00459800; const:10000	Splits a packed (clip << 16) | track handle and forwards to ANIM_GetTrackEntry.
00457a04	MDL_GetNodePosition	descriptive	docs animation-root-blending.md; blind review (high); adjudicated AGREE	call:00455358; size:50; caller:0043d83e; caller:0040b045	Copies a node's position (+0x1c) by handle (group<<16|node)
00457aa0	MDL_SetNodePosition	descriptive	docs animation-root-blending.md; blind review (high); adjudicated AGREE	call:00455358; call:0045b928; call:0045b9b0; caller:GAME_Tick; const:58	Sets node position; camera nodes also recompute the inverse translation.
004592e0	SW_SelectFlush	descriptive	docs engine.md; blind review (high); adjudicated AGREE	ref:004aa708; ref:004768cc; ref:00476dec; size:26	Picks the span flush routine.
00459320	REND_DrawFrame	descriptive	docs engine.md; blind review (medium); adjudicated AGREE (the reviewer saw this function's existing name in a helper file)	ref:004ac8c8; ref:00478800; ref:00661ee8; call:0047e700; call:004610e8	Renders one 3D frame.
004593a4	REND_DrawFrameEx	descriptive	docs engine.md; blind review (medium); adjudicated PARTIAL	call:00455358; call:0047e700; ref:004ac8c8; caller:0043eb67	Same, from an object handle.
0045941d	sprintf_	runtime	blind review (high); adjudicated DOCSILENT	call:vsprintf_; caller:0041592c; caller:GAME_LoadSaveIcon; size:33	sprintf.
00459808	ANIM_EvalTrackLinear	descriptive	docs animation-validation.md, models.md, research-log.md; blind review (high); adjudicated AGREE	call:0045bf68; call:0045bc28; call:0045bb84; caller:00459d60; ref:004c6054	Evaluates a linear-key track: slerp rotation keys (0x14) into +0x28, lerp position keys (0x10) into +0x1c.
004599ec	ANIM_EvalTrackBlendLinear	descriptive	docs animation-root-blending.md; blind review (high); adjudicated AGREE	caller:00459d60; call:0045bf68; call:0045bc28; call:0045bb84; const:100	Blends two linear-key tracks at frames fA and fB by a weight.
00459d60	ANIM_ApplyModelLinear	descriptive	docs animation-validation.md; blind review (high); adjudicated AGREE	call:00459808; call:004599ec; ref:00661ee0; caller:00405f1f	Applies a linear-key animation (or a blend of two) to every node of a model.
00459ec0	ANIM_ApplyEase	descriptive	docs animation-smoothing.md; blind review (medium); adjudicated AGREE	caller:0045a03c; size:249; ref:004c605c; ref:004c6064	Ease-to/ease-from remap of the key parameter.
0045a03c	ANIM_EvalTrackSpline	descriptive	docs animation-root-blending.md, animation-smoothing.md, animation-validation.md; blind review (high); adjudicated AGREE	call:00459ec0; call:00459fdc; call:00459fbc; ref:004aa710; const:3f800000	Evaluates a spline (TCB/Hermite) track: rotation keys 0x3c, position keys 0x30.
0045aa00	ANIM_EvalTrackBlendSpline	descriptive	docs animation-root-blending.md; blind review (high); adjudicated AGREE	caller:0045adb8; call:0045bf68; call:0045bc28; call:0045bb84; size:952	Two-track blend on spline-format keys (linear interpolation)
0045b86c	MATH_MulMat3	descriptive	docs file-formats.md, models.md; blind review (high); adjudicated AGREE	size:116; caller:REND_DrawObject; caller:00477ee0; caller:0043b6ff	Q15 3x3 matrix multiply.
0045b98c	MATH_SubVec3	descriptive	docs animation-root-blending.md; blind review (high); adjudicated AGREE	size:36; caller:0047b7e0; caller:0045e724	Integer Vec3 subtract.
0045bc28	MATH_QuatToMatrix	descriptive	docs file-formats.md, models.md, research-log.md; blind review (high); adjudicated AGREE	const:8000; ref:0066dff0; ref:0066e010; caller:00459808; caller:0045a03c	Fixed-point quaternion to Q15 3x3 matrix.
0045bf68	MATH_QuatSlerp	descriptive	docs file-formats.md; blind review (high); adjudicated AGREE	const:8000; const:80; call:__CHP; caller:004599ec; caller:0045aa00	Fixed-point quaternion slerp, t 0..256, acos/sin tables.
00473014	SW_DrawObjectFaces	descriptive	docs engine.md, scene-geometry.md; blind review (high); adjudicated AGREE	const:a4; const:c4; call:0046c8ec; call:0046fe20; caller:0047e498	Default per-object face submitter.
004731b8	SW_DrawObjectFacesPost	descriptive	docs engine.md; blind review (medium); adjudicated PARTIAL	const:a8; call:0046868c; call:00472924; caller:0047e700	Second face list (+0xa8), post-order hook.
004768cc	SW_FlushSpans	descriptive	docs engine.md; blind review (high); adjudicated AGREE	call:00476340; call:00476490; ref:00661ec0; ref:006726f8; size:1125	Scanline span flush direct.
00476dec	SW_FlushSpansScaled	descriptive	docs engine.md; blind review (medium); adjudicated PARTIAL	ref:00661ebc; ref:00661ec8; call:00476490; size:1348	Span flush through a line buffer with row repeat.
00477c35	fscanf_	runtime	blind review (high); adjudicated DOCSILENT	call:00477bd1; caller:CD_CopyFileList; size:33	fscanf.
00478800	SW_CollectFaceTriangles	descriptive	docs engine.md; blind review (medium); adjudicated PARTIAL	ref:006808e4; ref:006808e8; const:80; const:a4; size:375	Collects face triangles instead of rasterizing.
00478c2c	REND_TransformClipVertices	descriptive	docs models.md; blind review (medium); adjudicated AGREE	caller:REND_DrawObject; ref:00661ecc; ref:00661eb0; ref:004c6380; const:7c	Transforms vertices (+0x80, count +0x7c, stride 0x28) to camera space with clip outcodes.
00478dac	REND_ProjectSharedVertices	descriptive	docs models.md, research-log.md; blind review (medium); adjudicated PARTIAL; render-readback trace 2026-09-26 (out/scratch/sim-reads-projection.md), decompilation re-read	caller:REND_DrawObject; ref:004c6390; ref:00661e90; ref:00661e9c; ref:004c6388; const:80	Transforms the node's 0x80-flagged shared vertices by its matrix and projects them; used for bridging children.
0047b228	REND_ProjectVertices	descriptive	render-readback trace 2026-09-26 (out/scratch/sim-reads-projection.md); decompilation re-read	caller:REND_DrawObject; call:__CHP; ref:004c63a8; ref:00661ea8; ref:00661eac; ref:00661ed8; ref:00661ec0; const:40; size:218	Projects the node's 0x40-flagged vertices: K/z at +0x24, screen x/y at +0x1c/+0x20, outcodes in the flag byte.
0047b7e0	REND_LightObject	descriptive	docs models.md; blind review (medium); adjudicated AGREE	caller:REND_DrawObject; ref:00672700; call:0045ba10; call:0045ba70; ref:004c6408	Per-object lighting: light attenuation, flat/Gouraud shades.
0047e498	REND_DrawObject	descriptive	docs engine.md, file-formats.md, models.md; blind review (high); adjudicated AGREE	call:0045b86c; call:00473014; ref:004ac8d0; caller:0047e700; const:a8	Per-object render step.
0047e700	REND_DrawScene	descriptive	docs models.md; blind review (high); adjudicated PARTIAL	caller:REND_DrawFrame; caller:REND_DrawFrameEx; call:REND_DrawObject; call:00477ee0; ref:006808e4	Walks the object tree and draws each node.
0047f814	HNM6_StoreBlockRGB16	descriptive	docs cryolib.md; blind review (high); adjudicated AGREE	caller:HNM6_DecodeMacroblock; ref:004ac980; ref:004afdc8; ref:004b03c8	8x8 YUV to RGB16 store.
004802c4	HNM6_DecodeInterFrame	descriptive	docs cryolib.md; blind review (high); adjudicated DOCSILENT	call:0048033c; caller:HNM6_DecompressFrame; const:130; ref:004aa790	Inter frame block loop.
00480d70	HNM6_DecodeInterBlock4x4	descriptive	docs cryolib.md; blind review (high); adjudicated DOCSILENT	call:00480fd4; call:00481138; call:004812b8; ref:004b4628; ref:004bc6b8	Inter 4x4 block.
00480fd4	HNM6_DecodeInterBlock4x2	descriptive	docs cryolib.md; blind review (high); adjudicated DOCSILENT	call:004812b8; caller:00480d70; ref:004b4638; ref:004bc6b8	Inter 4x2 block.
00481138	HNM6_DecodeInterBlock2x4	descriptive	docs cryolib.md; blind review (high); adjudicated DOCSILENT	call:004812b8; caller:00480d70; ref:004b4658; const:f00	Inter 2x4 block.
004812b8	HNM6_DecodeInterBlock2x2	descriptive	docs cryolib.md; blind review (high); adjudicated DOCSILENT	caller:00480fd4; caller:00481138; ref:004b4678; ref:004bc6b8	Inter 2x2 leaf.
004813d4	HNM6_DecodeIntraFrame	descriptive	docs cryolib.md; blind review (high); adjudicated DOCSILENT	call:00481448; caller:HNM6_DecompressFrame; ref:004aa78c; const:130	Intra frame block loop.
00481448	HNM6_DecodeIntraBlock8x8	descriptive	docs cryolib.md; blind review (high); adjudicated DOCSILENT	call:HNM6_DecodeMacroblock; call:004816b4; caller:004813d4; ref:004c06b8	Intra 8x8 block.
004818a0	HNM6_DecodeIntraBlock4x2	descriptive	docs cryolib.md; blind review (medium); adjudicated DOCSILENT	caller:004816b4; ref:004b4638; ref:004b4678	Intra 4x2 sub-block.
00481978	HNM6_DecodeIntraBlock2x4	descriptive	docs cryolib.md; blind review (medium); adjudicated DOCSILENT	caller:004816b4; ref:004b4658; ref:004b4678	Intra 2x4 sub-block.
# Recovered from error strings; CryoLib HNM6 code proven identical (docs/cryolib.md)
004099d2	CAM_CompCameraPos	recovered	its own error string (identical in DREAMSFX.EXE)	str:unknown event in CAM_CompCameraPos	Raises "Dreams Internal Error : unknown event in CAM_CompCameraPos".
0040e75c	CTRL_Dispatcher	recovered	its own error string (identical in DREAMSFX.EXE)	str:unknown message type in CTRL_Dispatcher	Raises "Dreams Internal Error : unknown message type in CTRL_Dispatcher".
00435896	MENJ_Dispatcher	recovered	its own error string (identical in DREAMSFX.EXE)	str:unknown message type in MENJ_Dispatcher	Raises "Dreams Internal Error : unknown message type in MENJ_Dispatcher".
0043a306	MGM_SendMessage	recovered	its own error string (identical in DREAMSFX.EXE)	str:unknown message type in MGM_SendMessage	Raises "Dreams Internal Error : unknown message type in MGM_SendMessage".
0043a64c	MGM_DispatchMessages	recovered	its own error string (identical in DREAMSFX.EXE)	str:unknown message type in MGM_DispatchMessages	Raises "Dreams Internal Error : unknown message type in MGM_DispatchMessages".
0045c2a0	HNM6_Init_All_16	recovered	match_identical.py VERIFIED to CRYO.DLL 1002abf9; name from CryoLib export _GL_HNM6_Init_All_16@0 (one-call wrapper)	size:16	CryoLib HNM6 decoder linked into the game; see docs/cryolib.md.
0045c2b0	HNM6_Init_All_15	recovered	match_identical.py VERIFIED to CRYO.DLL 1002ac09; name from CryoLib export _GL_HNM6_Init_All_15@0 (one-call wrapper)	size:16	CryoLib HNM6 decoder linked into the game; see docs/cryolib.md.
0045c2c0	HNM6_DecompressFrame	cryolib	match_identical.py VERIFIED to CRYO.DLL 1002ac1c	size:352	CryoLib HNM6 decoder linked into the game; see docs/cryolib.md.
0047eb70	HNM6_InitTables	cryolib	match_identical.py VERIFIED to CRYO.DLL 1002ad7c	size:216	CryoLib HNM6 decoder linked into the game; see docs/cryolib.md.
0047ec48	HNM6_InitColorTables565	cryolib	match_identical.py VERIFIED to CRYO.DLL 1002ae54	size:164	CryoLib HNM6 decoder linked into the game; see docs/cryolib.md.
0047ecec	HNM6_InitColorTables555	cryolib	match_identical.py VERIFIED to CRYO.DLL 1002aef8	size:166	CryoLib HNM6 decoder linked into the game; see docs/cryolib.md.
0047ed94	HNM6_SetQuality	cryolib	match_identical.py VERIFIED to CRYO.DLL 1002afa0	size:309	CryoLib HNM6 decoder linked into the game; see docs/cryolib.md.
0047eecc	HNM6_UnpackNibbles	cryolib	match_identical.py VERIFIED to CRYO.DLL 1002b0d8	size:183	CryoLib HNM6 decoder linked into the game; see docs/cryolib.md.
0047ef83	HNM6_DecodeCoefficients	cryolib	match_identical.py VERIFIED to CRYO.DLL 1002b18f	size:2193	CryoLib HNM6 decoder linked into the game; see docs/cryolib.md.
0047fa94	HNM6_DecodeMacroblock	cryolib	match_identical.py VERIFIED to CRYO.DLL 1002bb68	size:70	CryoLib HNM6 decoder linked into the game; see docs/cryolib.md.
0047fb20	HNM6_IDCT8x8	cryolib	match_identical.py INSN-IDENTICAL to CRYO.DLL 1002bbae	size:1695	CryoLib HNM6 decoder linked into the game; see docs/cryolib.md.
# Render and load path for scene faces (overnight session 2026-09-26, item 1): analysis + blind review + adjudication
00478980	REND_CullObjectSphere	descriptive	analysis scene-geometry.md 2026-09-26; blind review (medium); adjudicated AGREE	caller:REND_DrawObject; const:b0; const:1891; ref:00661ecc; ref:00661eb0	Tests the node's bounding sphere (+0xb0) against four frustum planes and the near/far depths; sets +0x0c bits 8 (outside), 0x20, 0x40 (crosses near/far).
00478f80	REND_ComputeNormalDots	descriptive	analysis scene-geometry.md 2026-09-26; blind review (medium); adjudicated PARTIAL (same reading, reviewer's wording)	caller:REND_DrawObject; const:94; const:98	For each 16-byte face normal (+0x98, count +0x94) stores n . eye in its fourth word, the value REND_CullFaces compares with the face's plane distance.
0047b0bc	REND_CullFaces	descriptive	analysis scene-geometry.md 2026-09-26; blind review (high); adjudicated AGREE	caller:REND_DrawObject; call:00479320; const:3f; ref:004c63a4	Per face block: visible list = records; back-face test (normal eye_dot - face +0x30) and outcode rejection; near-crossing faces go to REND_ClipFaceNear, the rest flag their vertices 0x40.
0047b3d0	REND_TransformLights	descriptive	analysis scene-geometry.md 2026-09-26; blind review (medium); adjudicated AGREE	caller:REND_DrawObject; const:c4; const:94; ref:00672700	For each light index in node +0xc8 (count +0xc4) writes the light's direction (type 1) or direction and position (type 2) into the 0x94-byte light table at 0x672700.
0047e094	REND_ComputeEnvMapUVs	descriptive	analysis scene-geometry.md 2026-09-26 (disassembly: corner normal +0x0c times the parent view matrix); blind review (low); adjudicated AGREE	caller:REND_DrawObject; const:800000; const:a4	Sphere environment mapping: each visible face's UVs become the view-space corner normal scaled to texels, centred on 128.0 (0x800000). Runs when node +0x0d bit 8 is set.
00479320	REND_ClipFaceNear	descriptive	analysis scene-geometry.md 2026-09-26; blind review (medium); adjudicated AGREE	caller:0047b0bc; call:0047907c; call:00455218	Splits a face with one or two vertices behind the near plane (outcode 0x10) into new faces with interpolated UVs, pushed on the block's visible list.
00455fb4	MDL_RelocCollision	descriptive	analysis scene-geometry.md 2026-09-26 (tag 2 layout: vertex base 29 relocates to tag2 +0x30); blind review (low, struct unidentified); adjudicated PARTIAL	caller:RES_Relocate; const:60; const:44	Relocates the .3DI collision mesh (resource type 5): header pointers +4/+0xc/+0x14, then each 0x60-byte triangle's +0/+4/+8 vertex, +0xc normal and +0x44 pointers.
00455ed8	MDL_BindTreeMaterials	descriptive	analysis scene-geometry.md 2026-09-26; blind review (medium); adjudicated AGREE	caller:MDL_LoadMaterials; call:004554e0; const:a4	Walks the node tree (child +0x14, sibling +0x18, parent +0x10) and binds each node's face-block list (+0xa4) to the material cache.
004554e0	MDL_BindFaceMaterials	descriptive	analysis scene-geometry.md 2026-09-26; blind review (high); adjudicated PARTIAL (reviewer: MDL_BindMaterials)	caller:00455ed8; const:3c; ref:004aa6fc	For each face block, finds the 0x3c-byte cache entry whose material name equals the block name; textured types get &entry[2] (texture page slot), flat types the colour word entry[0xb].
# Camera and projection (overnight session 2026-09-26, item 2): analysis + blind review + adjudication
00409998	CAM_PostMessage	descriptive	analysis engine.md camera 2026-09-26; blind review (medium); adjudicated AGREE	call:0043b31a; caller:0040aea2	Posts a camera message (type byte, two argument words) to the ring at 0x52c850 through MGM_PostMessage; the shot timer posts 0x2b with it.
00409ba0	CAM_ApplyCloseRange	descriptive	analysis engine.md camera 2026-09-26 (disassembly: horizontal eye-to-actor distance); blind review (low); adjudicated AGREE	call:0040b729; ref:0049d2b8; ref:0052c840	Reloads the preset; when the eye is closer to a walking actor (mode 1) than the preset eye distance, shrinks the target lead, sets eye easing 2 (under 0.7) or 1 (under 0.5), and raises the eye 1.2 units per unit lost (80 more in combat stance).
00409d27	CAM_StartFollow	descriptive	analysis engine.md camera 2026-09-26; blind review (high); adjudicated AGREE	ref:0052c638; ref:0052c874; call:00409d6c	Message 0x2b: follow the given actor (state 0x52c61c +0x1c), camera mode 0, one snapped follow update.
00409d6c	CAM_TickFollow	descriptive	analysis engine.md camera 2026-09-26; blind review (high); adjudicated AGREE	ref:0052c61c; call:0040a866; call:MDL_SetNodePosition; call:0040ab4b	Mode 0 update: eye and target (CAM_UpdateFollowPos), close-range fix, camera node 0 position, then orientation.
00409de2	CAM_ComputeChasePos	descriptive	analysis engine.md camera 2026-09-26; blind review (medium); adjudicated AGREE	ref:0052c875; ref:0052c879; ref:0049d1f4; call:0040d5e4	Ground chase camera: target ahead of and eye behind the actor heading (+0x5c); look keys tilt pitch within [-1.5446, 0.7854]; eases target by 1/2 and eye by 1/4 (Y 1/8) of the gap; clamps eye height to the preset band; optional eye collision.
0040a4a5	CAM_ComputeOrbitPos	descriptive	analysis engine.md camera 2026-09-26 (disassembly: used for actor modes 2/3 and climbing states); blind review (low); adjudicated PARTIAL	ref:004c3754; call:0040d5e4; ref:0049d1f0; const:1000	Swim/fly chase camera: places target and eye on the actor heading and pitch (+0x6c), pitch snapped out of 80-100 and 260-280 degrees; same easing and collision as the ground chase.
0040a866	CAM_UpdateFollowPos	descriptive	analysis engine.md camera 2026-09-26; blind review (medium); adjudicated AGREE	const:15c; const:2e; call:00409de2; call:0040a4a5	Sets follow distances from the preset (averages of the two eye and two lead values) and picks the ground or orbit chase by actor mode (+0x34) and action (+0x15c), with per-mode distance and height offsets.
0040ab4b	CAM_ApplyLookAt	descriptive	analysis engine.md camera 2026-09-26; blind review (medium); adjudicated AGREE	ref:0052c83c; const:118; call:0045b2d0; call:00457a38	Orients camera node 0 along target minus eye with a smoothed roll: swaying while swimming, banking with actor +0x64 while flying, zero otherwise.
0040aea2	CAM_TickTimer	descriptive	analysis engine.md camera 2026-09-26; blind review (high); adjudicated AGREE	ref:005e5388; const:2b; call:00409998	Decrements a scripted shot float timer (+0x30) by the frame delta; below zero posts 0x2b (back to follow).
0040af10	CAM_StartFixed	descriptive	analysis engine.md camera 2026-09-26; blind review (medium); adjudicated AGREE	ref:0052c6a4; ref:0052c6d4; call:MDL_SetNodePosition; call:0040af8e	Message 0x2c: mode 2, fixed eye and target from the message, duration +0x18.
0040af8e	CAM_TickFixed	descriptive	analysis engine.md camera 2026-09-26; blind review (medium); adjudicated AGREE	ref:0052c6a4; call:0040aea2	Mode 2 update: timer only.
0040afc0	CAM_StartTrack	descriptive	analysis engine.md camera 2026-09-26; blind review (medium); adjudicated AGREE	ref:0052c6e8; ref:0052c704; call:MDL_GetNodePosition; call:0040b045	Message 0x2d: mode 3, fixed eye, target tracks an entity, duration +0x10.
0040b045	CAM_TickTrack	descriptive	analysis engine.md camera 2026-09-26; blind review (medium); adjudicated AGREE	ref:0052c704; ref:0049d1f4; call:0040aea2; call:0040ab4b	Mode 3 update: eases the target toward the entity node by 1/2 of the gap, timer, orientation.
0040b0ef	CAM_StartEntityPair	descriptive	analysis engine.md camera 2026-09-26; blind review (low); adjudicated AGREE	ref:0052c744; ref:0052c748; ref:0052c75c; call:0040b156	Message 0x2e: mode 4, eye on entity A, target on entity B, duration.
0040b156	CAM_TickEntityPair	descriptive	analysis engine.md camera 2026-09-26; blind review (low); adjudicated AGREE	ref:0052c72c; call:0040aea2; call:0040ab4b	Mode 4 update: eye and target snap to the two entity nodes, timer, orientation.
0040b1b9	CAM_StartRideLook	descriptive	analysis engine.md camera 2026-09-26; blind review (low); adjudicated AGREE	ref:0052c788; ref:0052c7a0; call:0040b225	Message 0x2f: mode 5, eye carried by an entity, fixed target point, duration.
0040b225	CAM_TickRideLook	descriptive	analysis engine.md camera 2026-09-26; blind review (low); adjudicated AGREE	ref:0052c770; ref:0052c788; call:0040aea2; call:0040ab4b	Mode 5 update: eye snaps to the carrier entity node, timer, orientation toward the fixed point.
0040b274	CAM_ToggleOverhead	descriptive	analysis engine.md camera 2026-09-26; blind review (medium); adjudicated AGREE	ref:0052c7d0; call:00409d27; call:0040b2c7	Message 0x30: toggles mode 6 (overhead) on the actor, or back to follow.
0040b2c7	CAM_TickOverhead	descriptive	analysis engine.md camera 2026-09-26; blind review (medium); adjudicated AGREE	const:5dc; const:400; ref:0052c7b4; call:0045b2d0	Mode 6 update: eye 1500 units above the actor (+10, -1500, +10), looking down, rolled by the heading plus a quarter turn.
0040b386	CAM_ToggleFree	descriptive	analysis engine.md camera 2026-09-26; blind review (medium); adjudicated AGREE	const:fffffed4; const:400; ref:0052c7f8; call:0040b429	Message 0x31: toggles mode 7 (free camera) starting 300 units from the actor, or back to follow.
0040b429	CAM_TickFree	descriptive	analysis engine.md camera 2026-09-26; blind review (medium); adjudicated AGREE	ref:004a3154; ref:004a315c; ref:0052c830; call:0045b194	Mode 7 update: key-driven yaw/pitch deltas and forward/back motion, speed x1/2, x1/4, x2, x4 by modifier keys.
0040b6a8	CAM_EnableLookInput	descriptive	analysis engine.md camera 2026-09-26; blind review (low); adjudicated AGREE	ref:0052c844; caller:00423767	Sets 0x52c844 for this frame so the chase camera applies the look-up/down keys.
0040b6d3	CAM_EnableCollision	descriptive	analysis engine.md camera 2026-09-26; blind review (low); adjudicated AGREE	ref:0052c84c; caller:00409d6c; caller:0040a866	Sets 0x52c84c so the chase cameras test the eye against collision (CAM_CollideEye).
0040b729	CAM_LoadPreset	descriptive	analysis engine.md camera 2026-09-26; blind review (high); adjudicated AGREE	ref:0049d1f8; ref:0049d2bc; const:1d8; const:120	Copies view preset 0x49d2bc (six 32-byte rows at 0x49d1f8) into the live camera parameters; preset 0 takes non-zero overrides from the level record +0x120..+0x134 and +0x1d8.
0040d5e4	CAM_CollideEye	descriptive	analysis engine.md camera 2026-09-26; blind review (low); adjudicated AGREE	ref:005e2a48; ref:0049d2e4; call:0040ca00; call:0045f490	Sweeps a collision sphere (radius 0x49d2dc) from the old to the new eye; if the push-out is small enough, moves the eye and camera node out of the geometry.
004569cc	REND_SetScreenSize	descriptive	analysis engine.md camera 2026-09-26; blind review (medium); adjudicated AGREE	ref:00661ebc; ref:00661ec8; ref:004ac748; caller:0041592c	Stores the framebuffer width and height, 2 bytes per pixel, aspect h*4/(w*3), and the line pitch and start offset (negated for bottom-up buffers).
00456a58	REND_SetViewportFocal	descriptive	analysis engine.md camera 2026-09-26; blind review (medium); adjudicated PARTIAL (reviewer: REND_SetViewport)	const:280; const:fde8; call:00456cd4; ref:00661e94	Viewport with an explicit focal length scaled by w/640 (the portrait render), centre, near 128, far 65000.
00456b94	REND_SetViewportFov	descriptive	analysis engine.md camera 2026-09-26; blind review (medium); adjudicated AGREE	ref:004c6008; ref:004c6010; const:fde8; caller:0041592c	Viewport from a horizontal FOV: focal K = 0.5 + (w/2)/tan(fov/2); centre (x + w/2, y + h/2); near 128, far 65000. The game always passes 76.36 degrees.
00456cc4	REND_SetNearPlane	descriptive	analysis engine.md camera 2026-09-26; blind review (high); adjudicated AGREE	ref:00661ecc; call:00456cd4; caller:0041592c	Sets the near depth (0x661ecc) and rebuilds the frustum.
00456ccc	REND_SetFarPlane	descriptive	analysis engine.md camera 2026-09-26; blind review (medium); adjudicated AGREE	ref:00661eb0; size:8; caller:0041592c	Sets the far depth (0x661eb0) and falls through into REND_UpdateFrustum.
00456cd4	REND_UpdateFrustum	descriptive	analysis engine.md camera 2026-09-26; blind review (medium); adjudicated AGREE	call:0045ba70; ref:00661e94; ref:00661e90; ref:00661e60	Builds and normalises the four side-plane normals (0x661e54/68/74/84) from the focal lengths and viewport, plus the depth scale terms 0x661e60/64.
00457a38	MDL_SetNodeRotation	descriptive	analysis engine.md camera 2026-09-26; blind review (medium); adjudicated PARTIAL (reviewer: MDL_SetMatrix)	call:00455358; call:0045b8e0; const:28; const:58	Looks up a node by handle and copies a 3x3 Q15 matrix into its local rotation (+0x28); handle 0 is the camera.
0045b2d0	MATH_BuildOrientMatrix	descriptive	analysis engine.md camera 2026-09-26; blind review (low); adjudicated AGREE	ref:004c609c; const:8000; call:MATH_MulMat3	Builds a Q15 rotation matrix from a unit direction and a roll angle (4096-entry sine and cosine tables at 0x665ff0/0x669ff0).
0045ba70	MATH_NormalizeVec3	descriptive	analysis engine.md camera 2026-09-26; blind review (medium); adjudicated AGREE	call:00478222; caller:00456cd4	Normalises an integer vector to Q15 length.
0045bb84	MATH_CopyVec3	descriptive	analysis engine.md camera 2026-09-26; blind review (high); adjudicated AGREE	caller:00457b20; caller:REND_LightObject	Copies three ints.
0045b968	MATH_AddVec3	descriptive	analysis engine.md camera 2026-09-26; blind review (high); adjudicated AGREE	caller:00409de2; caller:REND_LightObject	Adds two integer 3-vectors.
0041592c	VID_SetResolution	descriptive	analysis engine.md camera 2026-09-26; blind review (medium); adjudicated AGREE	call:004569cc; call:00456b94; const:16; ref:0049da2c	Picks a mode from the six-entry resolution table (0x49da2c) that video message 0x16 accepts, then resets screen size, the 76.36-degree viewport (3/4 height letterboxed when 0x49d9f8 is set), far plane and near plane 140.
# Collision and physics (overnight session 2026-09-26, item 3): analysis + blind review + adjudication
0043ce0c	PHYS_ClearForceFields	descriptive	analysis engine.md physics 2026-09-26; blind review (high); adjudicated AGREE	ref:00629fdc; caller:0041ee09	Empties the force-field table (count 0x629fdc).
0043ce37	PHYS_AddForceField	descriptive	analysis engine.md physics 2026-09-26; blind review (high); adjudicated AGREE	const:80; const:60; call:memcpy_	Copies a 0x60-byte field (type, vector, box, strength) into the table at 0x626fdc if fewer than 128, marks it active, returns its index or -1.
0043cf13	PHYS_SumForceFields	descriptive	analysis engine.md physics 2026-09-26; blind review (high); adjudicated AGREE	ref:00629fe0; call:0043d0ca; call:0043d131; call:0043d28d	Sums the active type 0 (uniform), 1 (box) and 2 (radial) fields at a position into 0x629fe0.
0043d017	PHYS_SumDriftFields	descriptive	analysis engine.md physics 2026-09-26 (disassembly: result added to the displacement, not the velocity); blind review (medium); adjudicated AGREE	ref:00629ff8; call:0043d223; const:3	Sums the active type 3 fields into 0x629ff8; PHYS_IntegrateMotion adds the result straight to the step displacement.
0043d0ca	PHYS_ApplyUniformField	descriptive	analysis engine.md physics 2026-09-26 (disassembly: vector times the mass argument); blind review (medium); adjudicated AGREE	const:60; caller:0043cf13; size:103	Adds the field vector times the body's mass (gravity is a uniform field (0, 9.81, 0)).
0043d131	PHYS_ApplyBoxField	descriptive	analysis engine.md physics 2026-09-26; blind review (high); adjudicated AGREE	ref:004c55a0; caller:0043cf13	Adds the field vector times mass when the position is inside the field's box (+0x20 min, +0x38 max).
0043d223	PHYS_ApplyDriftField	descriptive	analysis engine.md physics 2026-09-26 (disassembly); blind review (low); adjudicated AGREE	const:60; caller:0043d017; size:106	Same form as the uniform field, for type 3 (drift) fields.
0043d28d	PHYS_ApplyRadialField	descriptive	analysis engine.md physics 2026-09-26; blind review (high); adjudicated AGREE	call:sqrt_; const:60; const:50; caller:0043cf13	Inverse-square point field: adds d * mass * strength / |d|^3, d from the field centre (+8).
0043dc4f	PHYS_TickFlyVertical	descriptive	analysis engine.md physics 2026-09-26 (mode 3 = flying: air damping 0.99, camera roll, ENT_LoadObject modes); blind review (low); adjudicated PARTIAL (reviewer: PHYS_TickMode3Vertical)	ref:004c55f0; ref:004c55f8; ref:004c5600; ref:005e5388	Mode 3: on entry (+0x278 bit 4) clears airborne, cancels gravity (force Y = -9.81 m) and ramps vertical speed linearly to 0 over 30 frame-time units.
0043dd3a	PHYS_TickSwimVertical	descriptive	analysis engine.md physics 2026-09-26 (mode 2 = swimming: water damping 0.7, camera sway); blind review (low); adjudicated PARTIAL (reviewer: PHYS_TickMode2Vertical)	ref:004c5608; ref:004c5610; ref:004c5618; ref:005e5388	Mode 2: on entry (+0x278 bit 8) clears airborne, cancels gravity and ramps vertical speed to 0 over 15 frame-time units.
0043de25	PHYS_StorePosition	descriptive	analysis engine.md physics 2026-09-26; blind review (medium); adjudicated AGREE	size:80; caller:PHYS_TickEntity; caller:0040bff8	Copies the physics position (+0x220, doubles) to the actor position (+0).
0043de75	PHYS_LoadPosition	descriptive	analysis engine.md physics 2026-09-26; blind review (medium); adjudicated AGREE	size:80; caller:0043d62c; caller:PHYS_TickEntity	Copies the actor position (+0) into the physics position (+0x220).
0043dec5	PHYS_ResetPlatforms	descriptive	analysis engine.md physics 2026-09-26; blind review (medium); adjudicated AGREE	call:memset_; const:1500; ref:0062b514; ref:004a316c	Clears the 64-entry platform table at 0x62a010.
0043df1f	PHYS_BuildPlatforms	descriptive	analysis engine.md physics 2026-09-26; blind review (medium); adjudicated AGREE	str:too many PLT; call:00457900; call:00457968; call:00458110	For an entity flagged +0xad bit 8, makes each child node a platform (at most 64) with half-extents from its vertices and a radius.
0043e115	PHYS_UpdatePlatforms	descriptive	analysis engine.md physics 2026-09-26; blind review (medium); adjudicated AGREE	ref:0062b510; ref:004a3170; call:00457a38; const:c8	Per tick: moves the platform root, then for each platform its world position, frame delta (+0x14), top and box (+-half-extent in X/Z, +-200 in Y).
0043e293	PHYS_GetPlatformOwner	descriptive	analysis engine.md physics 2026-09-26; blind review (medium); adjudicated AGREE	ref:0062b518; caller:ENT_TickAll	Returns the entity that owns the platforms.
0043e2bf	PHYS_GetPlatformDelta	descriptive	analysis engine.md physics 2026-09-26; blind review (medium); adjudicated AGREE	call:MATH_CopyVec3; const:54	Copies platform i's frame delta (+0x14).
0043e2fa	PHYS_GetPlatformTop	descriptive	analysis engine.md physics 2026-09-26; blind review (medium); adjudicated AGREE	const:54; caller:PHYS_TickEntity	Returns platform i's top Y (+0x24).
0043e32e	PHYS_CollidePlatforms	descriptive	analysis engine.md physics 2026-09-26; blind review (medium); adjudicated AGREE	call:0045ba70; ref:0062b514; caller:0040bff8	A walker inside a platform box starts riding it (+0x278 bit 0x40, index +0x2c8); otherwise a cylinder test pushes it out by the overlap + 5.
0043d62c	PHYS_InitEntity	descriptive	analysis engine.md physics 2026-09-26; blind review (medium); adjudicated PARTIAL (reviewer: PHYS_InitActor)	const:3ff00000; const:447a0000; const:40240000; ref:004fba78	Level-load physics setup: position, zero velocity and force, mass 1.0 (10.0 for free objects), damping factor 1.0; walkers get an actor collider, free objects an object collider, platform sets their platforms.
0043e55c	ENT_InitShadows	descriptive	analysis engine.md physics 2026-09-26; blind review (high, loads ombre.3dc); adjudicated PARTIAL (reviewer prefix SHADOW_)	str:ombre.3dc; str:ombre2.3dc; str:shadow can't be started; const:48	Loads data\3dc\ombre.3dc and ombre2.3dc (ombre = shadow) and makes 16 instances of each in the 0x48-byte shadow table at 0x62b51c.
0043e9aa	ENT_UpdateShadow	descriptive	analysis engine.md physics 2026-09-26; blind review (medium); adjudicated PARTIAL (reviewer prefix SHADOW_)	ref:0062b51c; const:fff; call:0045f600	Places the actor's shadow (slot +0x2c4) 10 units above the floor Y (+0x88), aligned to the floor triangle's normal and the heading.
0040bd2b	PHYS_RegisterCollider	descriptive	analysis engine.md physics 2026-09-26; blind review (medium); adjudicated AGREE	ref:0052c880; ref:0049d2ec; const:1e; call:SYS_FatalError	Appends a (collider, entity) pair to the 30-entry list at 0x52c880.
0040bd9d	PHYS_FreeLevel	descriptive	analysis engine.md physics 2026-09-26; blind review (medium); adjudicated AGREE	call:0045f4a4; call:0045f470; ref:0049d2f0; const:64	Destroys every registered collider, removes the level's collision mesh, resets the step height 0x49d2e0 to 100.
0040be1a	PHYS_SetLevelMesh	descriptive	analysis engine.md physics 2026-09-26; blind review (low); adjudicated AGREE	ref:0049d2f0; caller:ENT_LoadModel	Remembers the level's collision-mesh resource (0x49d2f0).
0040be46	PHYS_AttachObjectCollider	descriptive	analysis engine.md physics 2026-09-26; blind review (medium); adjudicated AGREE	call:0045f490; call:0040bd2b; const:32; call:MDL_GetNodePosition	Gives a free object a two-sided collision sphere of radius 50 at its node.
0040bedb	PHYS_AttachActorCollider	descriptive	analysis engine.md physics 2026-09-26; blind review (medium); adjudicated AGREE	str:ZZZZZ; str:BASSIN01; str:can't create collision sphere; call:0045744c	Gives a walker a collision sphere of radius +0x10c; its ZZZZZ child node is the foot marker (+0x84); ZZZZZ and BASSIN01 nodes are hidden.
0040bff8	PHYS_ResolveCollisions	descriptive	analysis engine.md physics 2026-09-26; blind review (high); adjudicated PARTIAL (reviewer: PHYS_Tick)	ref:005e2a48; ref:005e5484; call:0040d2dc; call:0043e32e	Once per frame: moves every walker and free object through the world, separates every entity pair, then applies platform riding and push-outs.
0040c42c	PHYS_MoveWalker	descriptive	analysis engine.md physics 2026-09-26; blind review (medium); adjudicated AGREE	call:0040ca00; call:0040cfc5; ref:004c38dc; const:7f	Sweeps a walker to its new position, finds the ground, drops small sideways pushes when nearly still, and on wall contact halves X/Z velocity.
0040c70c	PHYS_MoveBouncer	descriptive	analysis engine.md physics 2026-09-26; blind review (medium); adjudicated AGREE	call:0040ca00; call:0045ba10; caller:0040bff8	Sweeps a free object; on contact moves it out and reflects its velocity (v - 2(v.n)n).
0040c8c8	PHYS_AccumulatePush	descriptive	analysis engine.md physics 2026-09-26; blind review (low); adjudicated AGREE	call:0045f600; call:MATH_AddVec3; caller:0040ca00	Adds one contact's push-out (radius minus distance, along the triangle normal) to the accumulator, once per distinct normal.
0040ca00	PHYS_SweepCollider	descriptive	analysis engine.md physics 2026-09-26; blind review (medium); adjudicated AGREE	call:0045f5c8; call:0045f538; const:32; call:0040c8c8	Moves a collider from its last position in steps no longer than its radius, testing candidate triangles by priority (front face, front edge, back face, back edge); returns the contact flags and push.
0040cfc5	PHYS_FindGround	descriptive	analysis engine.md physics 2026-09-26; blind review (medium); adjudicated AGREE	call:0045f5e4; call:0045f580; ref:0049d2e0; const:1f4	Finds the nearest floor under the feet (or surface above); snaps within the 100-unit step, else sets airborne; records floor triangle, floor Y and the slope along the heading.
0040d2dc	PHYS_CollideEntities	descriptive	analysis engine.md physics 2026-09-26; blind review (high); adjudicated AGREE	call:0045f638; const:7f; const:10; caller:0040bff8	Sphere-sphere test between two entities; separates them by the overlap split by mass, records impact strength and the other entity.
0045f450	PHYS_AddMesh	descriptive	analysis engine.md physics 2026-09-26; blind review (medium); adjudicated AGREE	size:32; call:0045cf2c; call:0045cd60	Adds a mesh's triangles to the collision world 0x66e01c.
0045f470	PHYS_RemoveMesh	descriptive	analysis engine.md physics 2026-09-26; blind review (medium); adjudicated AGREE	call:0045d014; call:0045cd60	Removes a mesh's triangles from the collision world.
0045f490	PHYS_CreateCollider	descriptive	analysis engine.md physics 2026-09-26; blind review (medium); adjudicated AGREE	size:17; call:0045dc48; caller:0040be46	Creates a collider (sphere) in the collision world with a side-flags byte.
0045f4a4	PHYS_DestroyCollider	descriptive	analysis engine.md physics 2026-09-26; blind review (medium); adjudicated AGREE	size:17; call:0045dc94; caller:0040bd9d	Removes a collider from the collision world.
0045f4b8	PHYS_UpdateCollider	descriptive	analysis engine.md physics 2026-09-26; blind review (medium); adjudicated AGREE	call:0045d420; ref:004aa9c4; ref:004aa9e0; ref:004aa9d8	Runs the sweep-and-prune update on all three axes and resets the candidate iterators.
0045f518	PHYS_SetColliderPos	descriptive	analysis engine.md physics 2026-09-26; blind review (medium); adjudicated AGREE	call:MATH_CopyVec3; caller:0040ca00; caller:CAM_CollideEye	Sets a collider's centre.
0045f520	PHYS_SetColliderRadius	descriptive	analysis engine.md physics 2026-09-26; blind review (medium); adjudicated AGREE	caller:0040be46; caller:0040ca00	Sets a collider's radius (+0xc) when positive.
0045f538	PHYS_NextTriangle	descriptive	analysis engine.md physics 2026-09-26; blind review (medium); adjudicated AGREE	ref:004aa9dc; ref:004aa9e0; caller:0040ca00	Iterates the collider's candidate triangles (+0x30).
0045f580	PHYS_NextFloorTriangle	descriptive	analysis engine.md physics 2026-09-26; blind review (medium); adjudicated AGREE	ref:004aa9d4; ref:004aa9d8; caller:0040cfc5	Iterates the collider's floor candidates (+0x34).
0045f5c8	PHYS_TestColliderTriangle	descriptive	analysis engine.md physics 2026-09-26; blind review (medium); adjudicated AGREE	call:0045e724; caller:0040ca00	Sphere-triangle test with the collider's centre, radius and side flags.
0045f5e4	PHYS_TestColliderFloor	descriptive	analysis engine.md physics 2026-09-26; blind review (medium); adjudicated AGREE	call:0045e458; caller:0040cfc5	Vertical (floor-height) test with the collider's centre and side flags.
0045f600	PHYS_GetTriangle	descriptive	analysis engine.md physics 2026-09-26; blind review (medium); adjudicated AGREE	call:MATH_CopyVec3; caller:0040c8c8; caller:0043e9aa	Copies a triangle's vertices and normal; returns +0x18 of the mesh it belongs to.
0045f638	PHYS_GetCollider	descriptive	analysis engine.md physics 2026-09-26; blind review (medium); adjudicated AGREE	call:MATH_CopyVec3; caller:0040d2dc	Returns a collider's centre, radius and flags.
0045cf2c	PHYS_InsertMeshTriangles	descriptive	analysis engine.md physics 2026-09-26; blind review (high); adjudicated AGREE	const:60; call:0045cde0; call:realloc_; caller:0045f450	Adds each triangle's min and max endpoints to the three per-axis sorted arrays and re-sorts them.
0045d014	PHYS_RemoveMeshTriangles	descriptive	analysis engine.md physics 2026-09-26; blind review (medium); adjudicated AGREE	call:realloc_; const:44; caller:0045f470	Removes a mesh's endpoints (triangle +0x44 == mesh) from the three axis arrays.
0045d420	PHYS_SweepAxis	descriptive	analysis engine.md physics 2026-09-26; blind review (medium); adjudicated AGREE	call:0045d10c; call:0045d25c; const:48; const:54	Incremental sweep-and-prune on one axis: moves the collider's interval (centre +-radius) through the sorted triangle bounds (+0x48 min, +0x54 max), adding and removing candidates.
0045dc48	PHYS_AllocCollider	descriptive	analysis engine.md physics 2026-09-26; blind review (medium); adjudicated PARTIAL (reviewer: PHYS_AddCollider)	const:38; const:ff; const:40c; call:0045dcf8	Allocates and initialises a 0x38-byte collider, at most 255 per world.
0045ddec	PHYS_GetEdgeDistance	descriptive	analysis engine.md physics 2026-09-26; blind review (medium); adjudicated AGREE	const:14; const:38; caller:0045e724	Signed distance of a point from triangle edge plane i (normal +0x14 + 12i, constant +0x38 + 4i).
0045df78	PHYS_ProjectOntoPlane	descriptive	analysis engine.md physics 2026-09-26; blind review (low); adjudicated AGREE	call:__CHP; caller:0045e724	Closest point for a face contact: the point projected onto the triangle plane.
0045e260	PHYS_FindClosestOnSegment	descriptive	analysis engine.md physics 2026-09-26; blind review (medium); adjudicated AGREE	call:MATH_CopyVec3; caller:0045e724	Closest point on an edge segment, clamped to its ends.
0045e458	PHYS_TestTriangleVertical	descriptive	analysis engine.md physics 2026-09-26; blind review (medium); adjudicated AGREE	call:__CHP; caller:0045f5e4; size:688	Floor test: side filter, point-in-triangle in XZ, rejects walls (normal Y 0); returns the plane point under the centre, 1 above or -1 below.
0045e724	PHYS_CollideSphereTriangle	descriptive	analysis engine.md physics 2026-09-26; blind review (high); adjudicated AGREE	call:0045ddec; call:0045e260; call:0045df78; caller:0045f5c8	Sphere vs triangle: plane band by side flags, edge planes classify face, edge or vertex; returns +-2 face, +-1 edge or vertex (sign = side).
# Fixed step, damage and demo recording (overnight session 2026-09-26, item 4): analysis + blind review + adjudication
00443853	ENT_TakeDamage	descriptive	analysis engine.md fixed step 2026-09-26; blind review (medium, as ENT_ApplyDamage, which 0x443619 already holds); adjudicated PARTIAL	call:0041a7e0; const:c350; const:2b; const:33	Subtracts a float amount from health (+0x38; scaled when the action is 0x2b), spawns four hit particles, plays a sound, sets the 50,000 hurt timer (+0x114); at zero requests death (0x33 swimming, else 0x32).
00443948	ENT_TakeDamageQuiet	descriptive	analysis engine.md fixed step 2026-09-26; blind review (low); adjudicated AGREE	ref:004c58d8; const:c350; const:32; caller:00421717	ENT_TakeDamage without the hit particles; used for the two lightest landing damages.
0040d833	DEMO_RecordFrame	descriptive	analysis engine.md fixed step 2026-09-26; blind review (high); adjudicated AGREE	const:1800; const:6c; ref:0052eb98; call:0040edaf	In demo mode 0 appends the 11 input-action words and player state to a 6,144-frame buffer of 0x70-byte records, counting identical repeats; saves when full.
0040e4ed	DEMO_PlayFrame	descriptive	analysis engine.md fixed step 2026-09-26; blind review (high, as DEMO_PlaybackFrame); adjudicated AGREE	ref:0049d33a; ref:004c3924; call:0040dbf1; call:0040e2ec	In demo mode 1 loads the recorded input words (and on each new record the player state, blending the position); stops at the end or on a key.
0040dbf1	DEMO_StopPlayback	descriptive	analysis engine.md fixed step 2026-09-26; blind review (medium); adjudicated AGREE	call:0040e2c1; ref:0049d336; ref:004a4780; caller:0040e4ed	Ends playback: demo mode back to 2, index reset, all input words cleared.
0040edaf	DEMO_SaveReplay	descriptive	analysis engine.md fixed step 2026-09-26; blind review (high); adjudicated AGREE	str:replay.bin; call:0045c933; ref:0052eb98; caller:0040d833	Writes data\replay.bin (frame count, then count x 0x70 bytes) and returns demo mode to 2.
0040dce4	INPUT_UpdateActions	descriptive	analysis engine.md fixed step 2026-09-26; blind review (medium); adjudicated AGREE	ref:0049d2f8; ref:004a3154; ref:00626fd8; call:0040ece9	Fills the 11 input-action words (0x49d2fe..0x49d326) from the active device (0x49d2f8): keyboard flags, joystick axes, or a key code.
0040eb4f	CTRL_Init	descriptive	analysis engine.md fixed step 2026-09-26 (installs CTRL_Dispatcher as the input callback); blind review (low, as INPUT_Init, which 0x43a169 holds); adjudicated PARTIAL	call:0043a306; call:0043b23e; const:27; const:2a	Registers CTRL_Dispatcher through dispatcher message 0x27 and queries the input devices (0x28-0x2a); run by the boot, menu and caption loops.
0041a7e0	ENT_SpawnHitParticle	descriptive	analysis engine.md fixed step 2026-09-26; blind review (low); adjudicated AGREE	ref:005e23a0; const:41800000; const:3fff; call:00457434	Takes a slot in the 16-entry hit-particle ring and places it at the actor with random jitter scaled by its radius.
00419f02	ENT_SpawnTrailParticles	descriptive	analysis engine.md fixed step 2026-09-26; blind review (low); adjudicated AGREE	ref:005e23bc; const:447a0000; call:004579d0; ref:00661e04	Emits one or two particles into the 64-entry trail ring from the actor's position and velocity (lifetime 1000).
# Player controls (overnight session 2026-09-26, item 5): analysis + blind review + adjudication
00423767	ENT_TickPlayerControl	descriptive	analysis ai-animation-runtime.md controls 2026-09-26; blind review (medium, as INPUT_TickPlayerControl); adjudicated PARTIAL	call:00421717; call:00422cd7; ref:00630905; const:c8	Per-frame player control: enemy scan and combat stance (800/1500/2500 by weapon, 60-unit hold), then the ground, swimming or flying controller by mode +0x34; with Insert held the arrows become look keys.
00421717	ENT_TickPlayerGround	descriptive	analysis ai-animation-runtime.md controls 2026-09-26; blind review (medium, as INPUT_TickGroundControl); adjudicated PARTIAL	call:00442431; const:27; const:44; ref:0049da90	Ground controller: landing damage and knock-down from the last fall speed, slot keys 1/2/3 (select, cast), pick-up, jumps, take-off into flight, walking, stepping back, and the combat-stance attack chains.
00422cd7	ENT_TickPlayerFlying	descriptive	analysis ai-animation-runtime.md controls 2026-09-26; blind review (medium); adjudicated AGREE	ref:004c4864; ref:0049da78; const:19; call:0042153a	Flying controller: drains magic by 0.04 per frame-time unit; out of magic or on a hard impact requests 0xe, which ends the flight (mode 1, airborne, state 0x19, downward speed 20/dt); arrows 0x24/0x26/0x3d/0x3c.
00422af2	ENT_TickPlayerSwimming	descriptive	analysis ai-animation-runtime.md controls 2026-09-26 (mode 2 = swimming: water damping 0.7, camera sway, oxygen +0x40); blind review (low, mode unknown); adjudicated PARTIAL	ref:004c485c; ref:0049d316; const:d8; call:0042153a	Swimming controller: arrows 0x24/0x26/0x3d/0x3c, Alt picks up and plays 6 or 7, flight-capable forms fire with Ctrl.
0040ece9	INPUT_UpdateKeyStateRepeat	descriptive	analysis ai-animation-runtime.md controls 2026-09-26; blind review (medium); adjudicated AGREE	ref:0049d2fa; ref:005df488; const:28; call:MGM_SendMessage	Updates a direction action word (bit 0 held, 1 released, 2 edge) with auto-repeat every 40 ticks while held.
0040ec72	INPUT_UpdateKeyState	descriptive	analysis ai-animation-runtime.md controls 2026-09-26; blind review (high); adjudicated AGREE	caller:0040dce4; caller:MENU_Tick; caller:MENU_HandleGameMenuInput	Updates a button action word (bit 0 held, 1 released, 2 edge) without repeat.
0042098e	ENT_TestNoHostilesAlive	descriptive	analysis ai-animation-runtime.md controls 2026-09-26; blind review (medium); adjudicated AGREE	ref:004fb728; ref:005011a8; const:2000; caller:SCENE_CheckExits	True when no living walker of the other side (+0xa8 bit 0x2000) remains; the LINK flag 2 exit condition.
00428a24	SCENE_IsTriggerDone	descriptive	analysis ai-animation-runtime.md controls 2026-09-26; blind review (low, as GAME_GetTriggerFlag); adjudicated PARTIAL	ref:006155e4; caller:SCENE_CheckExits	Returns the level's trigger-completion flag (set by SCENE_TickTriggers); the LINK flag 0x10 exit condition.
00420b1a	INPUT_TestCtrlPressed	descriptive	analysis ai-animation-runtime.md controls 2026-09-26; blind review (medium); adjudicated AGREE	ref:0049d31a; caller:SCENE_CheckExits	True on the frame Ctrl is pressed; the LINK flag 0x20 exit condition.
00442431	ENT_GetMagicAfterCost	descriptive	analysis ai-animation-runtime.md controls 2026-09-26; blind review (low, as ENT_ComputeSlotCostBalance); adjudicated PARTIAL	const:1000002; const:10004; const:100; caller:00421717	Magic left after paying for the item in the active slot (costs 1 to 60 by item id); negative means it cannot be used.
0042153a	ENT_FindNearbyPickup	descriptive	analysis ai-animation-runtime.md controls 2026-09-26; blind review (medium); adjudicated AGREE	const:471c4000; call:MDL_SetNodePosition; call:DSOUND_PlaySound; ref:004fb728	Finds the first collectable actor within 200 units of the player (skipping walkers and removed ones) and returns it.
# Entity update, inventory (overnight session 2026-09-26, item 6): analysis + blind review + adjudication
0042a182	ENT_AddInventoryItem	descriptive	analysis ai-animation-runtime.md entities 2026-09-26; blind review (medium, as ENT_AddItem); adjudicated PARTIAL	call:MGM_PostMessage; const:41; ref:0049dfda; ref:0061520c	Adds a named object to the actor's 32-slot inventory (+0x30): counts a repeat, else takes the first empty slot; posts UI message 0x41.
0042a3a3	ENT_HasInventoryItem	descriptive	analysis ai-animation-runtime.md entities 2026-09-26; blind review (medium, as ENT_HasItem); adjudicated PARTIAL	call:strncmp_; call:strlen_; const:20; caller:00420a99	True when a held object's name is a prefix of the query.
0042a448	ENT_ResetInventory	descriptive	analysis ai-animation-runtime.md entities 2026-09-26; blind review (medium); adjudicated AGREE	const:3b8; const:42480000; ref:004a014c; const:20100	Clears the 0x3b8-byte inventory block at 0x61520c (32 names, counts, 50.0 per slot, flags).
004079f3	ENT_TiltToSlope	descriptive	analysis ai-animation-runtime.md entities 2026-09-26; blind review (medium, as ENT_UpdatePitch); adjudicated PARTIAL	const:298; const:7ff; const:fff; caller:ENT_TickEntity	Eases a walker's pitch (+0x6c) toward the floor slope along its heading (+0x298).
004067a2	ANIM_StartClip	descriptive	analysis ai-animation-runtime.md entities 2026-09-26; blind review (medium, as ENT_RestartClip); adjudicated PARTIAL	const:3f800000; ref:005e5388; call:ANIM_ApplyModelLinear; call:0045adb8	Starts the current action's clip: frame 1.0, pose the model, then advance by speed x dt; run when an action begins.
004071bb	ENT_TrackTarget	descriptive	analysis ai-animation-runtime.md entities 2026-09-26; blind review (medium); adjudicated AGREE	ref:004c34a0; const:3fe921fb; call:0045b194; call:MATH_MulMat3	Turns the head (and turret) sub-nodes toward the current target, clamped to +-45 degrees, and back to rest out of range.
00420a99	ENT_CheckRequiredItem	descriptive	analysis ai-animation-runtime.md entities 2026-09-26; blind review (medium); adjudicated AGREE	call:0042a3a3; caller:SCENE_CheckExits; const:30	LINK exit item test: true without an inventory, else ENT_HasInventoryItem, inverted by LINK flag 8.
