id	classification	route_or_source	expected_behavior	owner	passing_check	state
callback-order	Windows blocker	REND_DrawFrame/Ex; frame callback 0x4aa704	Publish source metadata before callback; submit captured scene after callback and boxes	coordinator	Production frame-hook order/ABI test plus prepared-scene GPU and shaded live callback checks	implemented; production orchestration and controlled shaded callback pass; wider closure open
collector	Windows blocker	Keypad 3; SW_CollectFaceTriangles	Retain previous image and publish bounded diagnostic geometry; restore retail hooks	coordinator/rendering	Collector CPU contract tests and live toggle/Backspace/toggle route	implemented; CPU/ABI and native toggle/Backspace route pass; wider debug acceptance open
debug-lines	Windows blocker	C3D_Line_ 0x465c80	Retain lifted clipper and ABI; draw packed lines on GPU	coordinator/rendering	Two retail-dump pixel/ABI oracles plus actual Backspace route	implemented; 1128 GPU/x86 fixtures, 2256 hook paths and live lines pass
audit	Windows blocker	Generated memory probes and host bridges	Fail on every unclassified GPU-surface access without speculative footprints	ownership	Generated instruction/host footprint tests; relift and strict live matrix	implemented and relifted; host/codegen tests and scoped strict runs pass; whole matrix open
surface-transfers	required route not yet exercised	138 unique REP sites; memcpy tails45c28c/45c293; background returns417f68/417fcf/418036; caption436e22/436e84/436f6e/4371ec; HNM6 42692e/42698d	Keep full 2*W*H background/caption copies and aligned0x5f000 CPU movie uploads; classify any reached partial/byte/padded/alternating GPU operation before implementing; no current demonstrated unsupported-transfer abort	coordinator	Strict movie/menu/caption routes; caller-specific oracle for any new failure. HNM5 scalar movie output now uses bounded codec buffer and GPU upload.	generated caller inventory reviewed; route coverage open
required-modes	required route not yet exercised	Windows draw dispatch and shipped dynamic callers	Required flat/mapped/obscure branches have useful output; intentional no-draw documented	rendering	Content/caller inventory and distinct-mode route tests	open
project39-seams	Windows blocker	Project39 normal-view snapshots at54.9s and66.5s	Explain and resolve visible black dotted architecture seams if renderer-induced	rendering	Matched all-lifted/source comparison and normal-view movement; no assumed rounding waiver	source one-unit joins proven; experimental replay correction disabled in live game; visual/performance closure open
mirror	required route not yet exercised	Update_Miror_ 0x47e824	Classify required usage before implementing projected-UV behavior	rendering	Caller/content check; no static incoming references is evidence only	open
shared-grayscale	required route not yet exercised	ModelPreview 0x16-0x18	Retain and interpolate original corner shades	rendering	Model relocation and three-mode GPU tests	implemented; native adapter GPU and material corpus tests pass
shared-diagnostic	required route not yet exercised	ModelPreview type 1	Draw diagnostic geometry with per-block color reset	rendering	Flat-only/cross-node/visibility GPU tests	implemented; native adapter GPU and material corpus tests pass
shared-light-input	required route not yet exercised	Existing Windows shared adapter	Preserve required active light inputs and hidden-node metadata	rendering	Existing adapter controls and independent source evidence	open
natural-effects	required route not yet exercised	Combat/spells/lighting/fog/environment/transparency	Naturally triggered effects and source versions remain correct	acceptance	Matched state stills/movement and functional route checkpoints	open
game-content	required route not yet exercised	Boot/intro/New Game; 150 projects/95 scenes and transition graph	No required missing rendering route	acceptance	Asset/caller inventory plus gameplay/transition checkpoints	open
regular-ui	required route not yet exercised	Pause/inventory/gauges/dialogue/portraits/captions/backgrounds	Packed operations, source lifetimes and layout remain correct	ownership/acceptance	Existing packed corpus plus normal game consumers	open
movies	required route not yet exercised	Intro and in-game movies	Aspect, placement, UI-only presentation and completion timing remain correct	acceptance	Visible movie routes and automated completion checks	open
hnm5	Windows blocker	Remap256to16bits_ 0x42665a; shipped UBB movie routes	Retain lifted movie conversion in bounded CPU codec buffer; upload written rectangle without scene access	ownership/coordinator	Original-x86 ABI/footprint and GPU oracle plus Project11/8 live movie playback	implemented; 24 x86 cases, 48 bridge paths, 20 GPU fixtures and native Project11 playback pass; wider routes open
display-input	required route not yet exercised	640x480;1920x1080;resize;fullscreen;mouse	Hor+ view, centered UI and correct hit mapping	coordinator/acceptance	Exact-size scripted checkpoints plus visible layout/input review	in progress
save-load	required route not yet exercised	Normal autosave/generated and valid external saves	Thumbnail export, restoration and valid reload	acceptance	Natural autosave route; valid-save retail/software/direct comparison	open
reload-lifetimes	required route not yet exercised	Ten full recomp level reloads	No stale resources, violations or unbounded resource growth	acceptance	Ten completed reloads with resumed scene checkpoints and resource samples	two reloads pass; ten-count proof pending uncapped save-open events and caption-aware harness
pacing	required route not yet exercised	Representative whole-game play at existing 25 FPS cap	No sustained renderer-induced stalls; CPU/GPU cost and readback totals recorded	coordinator/acceptance	Isolated capture-free frame/pass/copy timing runs	bounded asynchronous telemetry implemented; exploratory samples only; isolated whole-game acceptance open
diagnostic-capacity	accepted visual variation	Modern collector versus unbounded retail arrays	Counts describe bounded stored records; log total including omitted records	coordinator	Modern clipping/capacity tests; live evidence still required	provisional
non-windows	deferred work	Metal/Linux/WebGL2 execution	Existing shader generation retained; execution outside Windows gate	coordinator	Existing consumers/shader dialects build	deferred
release	required route not yet exercised	Spec 006 acceptance matrix	All blockers/gaps closed before selecting direct by default	coordinator	Matrix/evidence review, regressions, port-map validation and both Windows Ghidra tags	open
