401010,40103a
40103a,401088
401090,40148a
4014d0,4014fb
4014fb,401524
401524,4016e3
4016e3,401723
401723,40175e
40175e,4017e0
4017e0,401862
401862,4018e4
4018e4,401935
401935,4020a8
4020a8,4020a9
4020a9,4020ce
4020ce,4020cf
4020cf,40210a
40210a,40214c
40214c,4021e1
4021e1,402215
402215,40224d
40224d,40224e
40224e,402406
402406,402407
402407,4024b3
4024b3,4024b8
4024b8,40254d
40254d,402644
402644,40273f
40273f,402f83
4027b8,4028a7
4028a7,40294d
40294d,4029af
4029af,402c26
402f83,4031c3
4031c3,403385
403385,40368b
40368b,403b60
403b60,403bcd
403bcd,403e93
403e93,403eed
403ef0,403f19
403f19,403f3b
403f3b,403f68
403f68,403fb9
403fb9,403fef
403fef,40403a
40403a,404078
404078,404091
404091,4040c8
4040c8,4040ff
404100,404115
404115,40414c
40414c,40418c
404220,404230
404230,404240
404240,40425c
40425c,404278
404278,4042f1
4042f1,404368
404368,4043c2
4043c2,40441a
40441a,404472
404472,4044fa
4044fa,4045a5
4045a5,4045fa
4045fa,40464f
40464f,4046a4
4046a4,404786
404786,4047fe
4047fe,404822
404822,40484d
40484d,404d98
404d98,4050ae
4050ae,405118
405118,4058d5
4058d5,405db4
405db4,405e22
405e22,405f1f
405f1f,4062ad
4062ad,4067a2
4067a2,4068be
4068be,407089
407089,4071bb
4071bb,4079f3
4079f3,407b51
407b51,4085dc
4085dc,408816
408816,40887b
40887b,4088fd
4088fd,408939
408939,408ae7
408ae7,408b0d
408b0d,408b4e
408b4e,408d73
408d73,408d99
408d99,408df2
408df2,408ff4
408ff4,40901a
40901a,40910a
40910a,409184
409184,4091b8
4091b8,4091f3
4091f3,4092ae
4092ae,409304
409304,4093f0
4093f0,4095a9
4095a9,409634
409634,40985e
40985e,409906
409906,40996d
40996d,409998
409998,4099d2
4099d2,409ba0
409ba0,409d27
409d27,409d6c
409d6c,409de2
409de2,40a4a5
40a4a5,40a866
40a866,40ab4b
40ab4b,40aea2
40aea2,40af10
40af10,40af8e
40af8e,40afc0
40afc0,40b045
40b045,40b0ef
40b0ef,40b156
40b156,40b1b9
40b1b9,40b225
40b225,40b274
40b274,40b2c7
40b2c7,40b386
40b386,40b429
40b429,40b6a8
40b6a8,40b6d3
40b6d3,40b6fe
40b6fe,40b729
40b729,40b8d3
40b8d3,40bd2b
40bd2b,40bd9d
40bd9d,40be1a
40be1a,40be46
40be46,40bedb
40bedb,40bff8
40bff8,40c42c
40c42c,40c70c
40c70c,40c8c8
40c8c8,40ca00
40ca00,40cfc5
40cfc5,40d2dc
40d2dc,40d5e4
40d5e4,40d7a4
40d7a4,40d833
40d833,40dac2
40dac2,40db80
40db80,40dbf1
40dbf1,40dccb
40dce4,40e296
40e296,40e2c1
40e2c1,40e2ec
40e2ec,40e363
40e363,40e4ed
40e4ed,40e75c
40e75c,40eb4f
40eb4f,40ebee
40ebee,40ec46
40ec46,40ec72
40ec72,40ece9
40ece9,40edaf
40edaf,40ee88
40ee88,40ef1f
40ef1f,40f202
40f202,40f3aa
40f3aa,40f542
40f542,40f94a
40f94a,40fc1f
40fc1f,40fd54
40fd54,40ff55
40ff55,40ff91
40ff91,40ffb2
40ffb2,40fff7
40fff7,41020f
41020f,410318
410318,4103fb
4103fb,410435
410435,410518
410518,41053e
41053e,4105eb
4105eb,41069d
41069d,4106c9
4106c9,4106fe
4106fe,41072c
41072c,4108c7
4108c7,4108fc
4108fc,410928
410928,410b60
410b60,410b8c
410b8c,410bc7
410bc7,410bf3
410bf3,410c6a
410c6a,410ca0
410ca0,410cd6
410cd6,410d19
410d19,410d57
410d57,410d7d
410d7d,410e31
410e31,410e5d
410e5d,410f03
410f03,410f55
410f55,411565
411565,4115a1
4115a1,4119b0
4119b0,411a6f
411a6f,411c5f
411c5f,411da4
411da4,411ef2
411ef2,41208f
41208f,4121aa
4121aa,4126eb
4126eb,412812
412812,41299c
41299c,412a0f
412a0f,412ad5
412ad5,412b9b
412b9b,412c9b
412c9b,412d6c
412d6c,41304c
41304c,41315e
41315e,4131a4
4131a4,413602
413602,413684
413684,4138f9
4138f9,413b3b
413b3b,41406f
41406f,41447d
41447d,4144c8
4144c8,4145c3
4145c3,414646
414646,414b24
414b24,414b8d
414b8d,414c06
414c06,414c35
414c35,414c64
414c64,414d61
414d61,414f6d
414f6d,415109
415109,415201
415201,4152be
4152be,4152f2
4152f2,4153bf
4153bf,4153fe
4153fe,4154db
4154db,4155a2
4155a2,41562f
41566f,41569e
41569e,4156bf
4156bf,415839
415839,4158b7
4158b7,4158e2
4158e2,41592c
41592c,415aa7
415aa7,415f00
415f00,416066
416066,416096
416096,416606
416606,416d45
416d45,41745e
41745e,4174e7
4174e7,41752d
41752d,41754e
41754e,417590
417590,4175bc
4175bc,4177f5
4177f5,4178fe
4178fe,417a07
417a07,417afd
417afd,417d78
417d78,417e18
417e18,417e7e
417e7e,417eb9
417eb9,417eee
417eee,417f19
417f19,417f80
417f80,417fe7
417fe7,41804e
418060,4184d3
4184d3,418513
418513,41860f
41860f,4186e7
4186e7,418735
418735,4189c7
4189c7,418f17
418f17,419141
419141,4191aa
4191aa,4192c4
4192c4,41947d
41947d,419623
419623,41971a
41971a,419907
419907,419a3e
419a3e,419c1d
419c1d,419dc0
419dc0,419f02
419f02,41a48d
41a48d,41a4d8
41a4d8,41a6c3
41a6c3,41a7e0
41a7e0,41a95b
41a95b,41a9c6
41a9c6,41aa18
41aa18,41abda
41ad5a,41ad8c
41ad8c,41ae72
41ae72,41aec0
41aec0,41b159
41b159,41b208
41b208,41b620
41b620,41b987
41b987,41b9d5
41b9d5,41ba2a
41ba2a,41bacb
41bacb,41be45
41be45,41bed6
41bed6,41c039
41c039,41c0a6
41c0a6,41c62a
41c62a,41c666
41c666,41c9b9
41c9b9,41c9dd
41c9dd,41ca7d
41ca7d,41cb0c
41cb0c,41cb77
41cb77,41ccb9
41ccb9,41cdb8
41cdb8,41ce34
41ce34,41ce67
41ce67,41d2cf
41d2cf,41d47f
41d47f,41d581
41d581,41d624
41d624,41da7d
41da7d,41dd8b
41dd8b,41deb8
41deb8,41e484
41e484,41e4e3
41e4e3,41e5af
41e5af,41ec38
41ec38,41ee09
41ee09,41f226
41f226,41f42e
41f42e,41f7ec
41f7ec,41f9ba
41f9ba,41f9db
41f9db,41fec4
41fec4,41ff24
41ff24,4205e1
4205e1,4206f9
4206f9,42098e
42098e,420a44
420a44,420a99
420a99,420b1a
420b1a,420b60
420b60,421345
421345,4213d2
4213d2,4213f6
4213f6,42153a
42153a,421717
421717,422af2
422af2,422cd7
422cd7,42315a
42315a,4231f0
4231f0,423399
423399,42364a
42364a,4236c1
4236c1,423743
423743,423767
423767,423be1
423be1,423c86
423c86,423ca7
423ca7,423dc8
423dc8,423f60
423f60,423ff5
423ff5,42407f
42407f,4240ba
4240ba,424848
424848,424881
424881,4248a2
4248a2,42490b
42490b,42493b
42493b,424b4f
424b4f,424ba2
424ba2,424be4
424be4,424c1c
424c1c,424c5f
424c5f,424c87
424c87,424caf
424caf,424cd7
424cd7,424cff
424cff,424d37
424d37,424d7b
424d7b,424dda
424dda,424e0d
424e0d,424e68
424e68,424eca
424eca,424f2c
424f2c,424f7e
424f7e,425023
425023,42507e
42507e,4250d6
4250d6,425254
425254,425593
425593,4255d0
4255d0,425630
425630,4256c7
4256c7,4256fd
4256fd,42574a
42574a,4257a0
4257a0,425838
425838,4258d4
4258d4,4259bf
4259bf,425b4c
425b4c,425c1e
425c1e,425c61
425c61,425d77
425d77,425ddc
425ddc,425e23
425e23,425e4e
425e4e,425e74
425e74,425f07
425f07,425fd7
425fd7,426073
426073,426143
426143,426340
426340,42639d
42639d,4263d9
4263d9,426423
426423,426449
426449,4264e9
4264e9,42652a
42652a,42665a
42665a,426751
426751,42678c
42678c,42687b
42687b,4268ac
4268ac,426c0b
426c0b,426c46
426c46,426ee8
426ee8,426f6f
426f6f,426fad
426fad,427020
427020,427217
427217,4272b1
4272b1,427315
427315,427432
427432,4274b0
4274b0,42756a
42756a,427624
427624,4276e1
4276e1,42779c
42779c,427859
427859,427ae9
427ae9,427b8c
427b8c,427cd6
427d0e,427d64
427d64,427f11
427f11,427fc7
427fc7,428097
428097,42811b
42811b,428192
428192,4281d9
4281d9,428356
428356,428404
428404,428593
428593,4285be
4285be,4285e9
4285e9,428626
428626,428752
428752,4287ce
4287ce,4287fa
4287fa,428873
428873,4288a6
4288c6,428a24
428a24,428a50
428a50,428b34
428b34,428bca
428bca,428c3e
428c3e,428cd5
428cd5,428da1
428da1,428e57
428e57,428eda
428eda,428f5d
428f5d,428fd7
428fd7,429061
429061,42a037
42a037,42a06f
42a06f,42a182
42a182,42a317
42a317,42a3a3
42a3a3,42a448
42a448,42a57c
42a57c,42a5bf
42a5bf,42a912
42a912,42ac1e
42ac1e,42af08
42af08,42b086
42b086,42b26d
42b26d,42b2dc
42b2dc,42b382
42b382,42b3e0
42b3e0,42b4b6
42b4b6,42b5fd
42b5fd,42b744
42b744,42b770
42b770,42b79b
42b79b,42b92b
42b92b,42b9b4
42b9b4,42ba9f
42ba9f,42bb85
42bb85,42bc6b
42bc6b,42bcb9
42bcb9,42bda3
42bda3,42bf20
42bf20,42bfa9
42bfa9,42c05f
42c05f,42c162
42c162,42c264
42c264,42c3f3
42c3f3,42c414
42c414,42c583
42c583,42c7aa
42c7aa,42c936
42c936,42cb78
42cb78,42cc6d
42cc6d,42ccb0
42ccb0,42ccdd
42ccdd,42cd33
42cd33,42ce4a
42ce4a,42d0ae
42d0ae,42d239
42d239,42d3a0
42d3a0,42d424
42d424,42d465
42d465,42d4c2
42d4c2,42d51f
42d51f,42d562
42d562,42d7c3
42d7d3,42d824
42d824,42d96d
42d96d,42da77
42da77,42dae2
42dae2,42dc42
42dc42,42dd54
42dd54,42ddb9
42ddb9,42dea3
42dea3,42dfa0
42dfa0,42e0c3
42e0c3,42e126
42e126,42e345
42e345,42e5f2
42e5f2,42e78b
42e78b,42e7fb
42e7fb,42e856
42e856,42e8b1
42e8b1,42ec1f
42ec1f,42ec5b
42ec5b,42ed30
42ed30,42ee5e
42ee5e,42ef2e
42ef2e,42f024
42f024,42f166
42f166,42f21b
42f21b,42f246
42f246,42f38b
42f38b,42f72e
42f72e,42fb74
42fb74,42fd05
42fd05,42fd30
42fd30,42fe75
42fe75,430494
430494,4308f2
4308f2,430a35
430a45,430cd3
430cd3,430e46
430e46,43123a
43123a,43126a
43126a,431351
431351,4313b5
4313b5,43141c
43141c,431484
431484,4314ec
4314ec,431603
431603,4318d0
4318d0,431d9a
431db5,432b45
432b45,4337c0
4337c0,4339cf
4339cf,433c4e
433c4e,433cb9
433cb9,433cfa
433cfa,4341eb
4341eb,434413
434413,434479
434479,4344ae
4344ae,434596
434596,4356c4
4356c4,43574c
43574c,435798
435798,435896
435896,435c2b
435c2b,435ea0
435ea0,435fae
435fae,4363c8
4363c8,436481
436481,4368a1
4368a1,436ab6
436ab6,4373a7
4373a7,437aa2
437aa2,437c01
437c01,4392cd
4392cd,439341
439341,439574
439574,4395be
4395be,439679
439679,4396b8
4396b8,4397d2
4397d2,4398be
4398be,439dc7
439dc7,439fe1
439fe1,43a01f
43a01f,43a0d8
43a0d8,43a13a
43a13a,43a169
43a169,43a1cd
43a1cd,43a210
43a210,43a267
43a306,43a64c
43a64c,43a9b9
43a9b9,43a9ef
43a9ef,43aa71
43aa71,43aa97
43aa97,43ab0f
43ab0f,43ab5a
43ab5a,43ab96
43ab96,43ac08
43ac08,43ad40
43ad40,43aefc
43aefc,43af27
43af27,43afcd
43afcd,43b026
43b026,43b0ac
43b0ac,43b0e2
43b0e2,43b111
43b111,43b192
43b192,43b1fd
43b1fd,43b23e
43b23e,43b2e4
43b2e4,43b31a
43b31a,43b398
43b398,43b64e
43b64e,43b69f
43b69f,43b6ff
43b6ff,43b8aa
43b8aa,43b8d6
43b8d6,43b9ae
43b9ae,43ba3a
43ba3a,43bc2b
43bc2b,43bd03
43bd03,43bd7d
43bd7d,43bfa6
43bfa6,43c1b0
43c1b0,43c240
43c240,43c2b6
43c2b6,43c3b9
43c3b9,43c476
43c476,43c4be
43c4be,43c5c1
43c5c1,43c605
43c605,43c746
43c746,43c92b
43c92b,43ca25
43ca25,43ca8e
43ca8e,43cc32
43cc32,43cde6
43cde6,43ce0c
43ce0c,43ce37
43ce37,43ceaa
43ceaa,43cee4
43cee4,43cf13
43cf13,43d017
43d017,43d0ca
43d0ca,43d131
43d131,43d223
43d223,43d28d
43d28d,43d360
43d360,43d62c
43d62c,43d83e
43d83e,43dc4f
43dc4f,43dd3a
43dd3a,43de25
43de25,43de75
43de75,43dec5
43dec5,43df1f
43df1f,43e115
43e115,43e293
43e293,43e2bf
43e2bf,43e2fa
43e2fa,43e32e
43e32e,43e55c
43e55c,43e78a
43e78a,43e7ab
43e7ab,43e895
43e895,43e923
43e923,43e9aa
43e9aa,43eb14
43eb14,43eb67
43eb67,43ecfd
43ecfd,43ed74
43ed74,43ed98
43ed98,43edf8
43edf8,43ee51
43ee51,43eea0
43eea0,43ef86
43efa6,43f005
43f005,43f0a4
43f0a4,43f0e7
43f0e7,43f12a
43f12a,43f158
43f158,43f254
43f254,43f33f
43f33f,43f56e
43f56e,43f78e
43f78e,43f8c0
43f8c0,43f9aa
43f9aa,43fabb
43fabb,43fb15
43fb15,43fd80
43fd80,43fdd5
43fdd5,440175
440175,4401cf
4401cf,440263
440263,4403bb
4403bb,4406f0
4406f0,440720
440720,440757
440757,440802
440802,44086f
44086f,440890
440890,44091d
44091d,440ad3
440ad3,440bc2
440bc2,440d3d
440d3d,440e39
440e39,440e97
440e97,440ef5
440f15,441160
441160,4411be
4411be,4412b6
4412b6,441310
441310,441506
441506,441726
441726,441784
441784,44187c
44187c,4418d6
4418d6,441a96
441a96,441bf0
441bf0,441c51
441c51,441cb2
441cb2,441d10
441d10,441d7a
441d7a,441d9e
441d9e,441e7d
441e7d,441f31
441f31,442028
442028,4420a3
4420a3,442111
442111,442178
442178,442431
442431,442786
442786,442944
442944,442e0d
442e0d,443279
443279,4432bf
4432bf,44346c
44346c,443619
443619,443853
443853,443948
443948,443a01
443a01,443a77
443a77,443ae2
443ae2,443e17
443e17,443f55
443f55,4440aa
4440aa,444b04
444b04,444b8f
444b8f,4452f8
445398,4453ec
4453ec,44549b
44549b,4454d1
4454d1,44554b
44554b,4455ad
4455ad,445864
445864,4458bb
4458bb,445955
445955,445a57
445a57,445bb4
445bb4,445bf2
445bf2,445c3f
445c3f,445c84
445c84,445e20
445e20,445e8a
445e8a,445f9f
445fb1,445fd2
445fd2,446019
446019,4460a9
4460a9,4460cf
4460cf,44627b
44627b,446388
446388,4463bc
4463bc,4463e9
4463e9,446492
446492,4464b3
4464b3,4464d4
4464d4,44659b
44659b,4465c0
4465c0,4465e1
4465e1,446654
446654,4467e9
4467e9,446860
446860,4468f9
4468f9,446968
446968,446a09
446a09,446aad
446aad,446b5d
446b5d,446bb2
446bb2,446c07
446c07,446c87
446c87,446cb3
446cb3,446d0d
446d0d,446d79
446d79,446dc5
446dc5,446e01
446e01,446e79
446e79,446ebb
446ebb,446f98
446f98,4471d8
4471d8,447390
447390,447413
447413,447457
447457,4474ad
4474ad,447636
447636,44768f
44768f,4476f4
4476f4,44776b
44776b,4477d9
4477d9,4478f3
4479c7,447b72
447b72,447e7c
447e7c,44869c
44869c,4486bd
4486bd,4487ed
4487ed,4488bf
4488bf,448937
448937,4489ab
4489ab,448a1f
448a1f,448a55
448a55,448aa5
448aa5,448ada
448ada,448b3d
448b3d,448b72
448b72,448bd5
448bd5,448c0a
448c0a,448c6d
448c6d,448d58
448d58,448e25
448e25,448ec9
448ec9,448f5f
448f5f,44900a
44900a,44902b
44902b,4492d1
4492d1,449577
449577,449822
449822,44988f
44988f,44991e
44991e,449bf9
449bf9,449dd5
449dd5,449e0e
449e0e,449e44
449e44,449e7a
449e7a,449ee9
449ee9,449f42
449f42,449f80
449f80,44a01d
44a01d,44a074
44a074,44a0aa
44a0aa,44a0e0
44a0e0,44a14a
44a14a,44a1d3
44a1d3,44a4a9
44a4a9,44a517
44a517,44a594
44a594,44a5ed
44a5ed,44a62b
44a62b,44a6e4
44a6e4,44a990
44a990,44ac3a
44ac3a,44acaa
44acaa,44ace0
44ace0,44ad16
44ad16,44ad7d
44ad7d,44aded
44aded,44b07a
44b07a,44b0e5
44b0e5,44b162
44b162,44b1bb
44b1bb,44b1f9
44b1f9,44b2b2
44b2b2,44b309
44b309,44b33f
44b33f,44b375
44b375,44b3df
44b3df,44b452
44b452,44b6df
44b6df,44b74d
44b74d,44b7bc
44b7bc,44b815
44b815,44b8ab
44b8ab,44b8ee
44b8ee,44b9a7
44b9a7,44ba2f
44ba2f,44ba81
44ba81,44bab7
44bab7,44baed
44baed,44bb5a
44bb5a,44bbd0
44bbd0,44be5d
44be5d,44becb
44becb,44bf3a
44bf3a,44bf93
44bf93,44c029
44c029,44c06c
44c06c,44c11b
44c11b,44c1a9
44c1a9,44c1f7
44c28c,44c440
44c440,44c51f
44c51f,44c625
44c625,44cd00
44cd00,44cd62
44cd62,44d1a6
44d1a6,44d346
44d346,44d46d
44d46d,44d57e
44d57e,44d5c7
44d5c7,44d632
44d632,44d658
44d658,44d8e5
44d8e8,44d920
44d920,44d921
44d921,44e676
44d944,44d983
44d9c1,44da42
44da42,44e653
44e676,44e9aa
44e9b0,454de3
454de3,454fe9
454fea,454feb
454feb,454ffb
454ffb,45501a
45501a,45502a
45502a,45504a
45504a,45505e
45505e,45507d
45507d,4550b0
4550b0,455124
455124,45516e
45516e,455190
455190,4551b5
4551b5,45520c
455210,455216
455218,455254
455254,45525a
45525c,455271
455274,455278
455278,455288
455288,4552a3
4552a4,455303
455304,455357
455358,4553aa
4553ac,4553c8
4553c8,4553f5
4553f8,455425
4554e0,455648
455700,455b01
455bbc,455d6c
455d6c,455e48
455e48,455eb4
455eb4,455ed8
455ed8,455f44
455f44,455f79
455f7c,455fb1
455fb4,456035
456038,456242
456244,456366
456368,456414
456414,4564c9
4564e4,45682c
45682c,45687b
45687c,4568a4
4568a4,4569ca
4569cc,456a48
456a48,456a56
456a58,456b94
456b94,456cc3
456cc4,456ccb
456ccc,456cd4
456cd4,456e0b
456e0c,456e24
456e24,456e86
456e88,456f4e
456f68,457068
457080,457326
457328,457358
457358,4573d2
4573d4,45741c
45741c,457432
457434,45744a
45744c,457468
457468,457484
457484,45749a
45749c,4574b2
4574b4,4574d0
4574d0,4574ec
4574ec,4575d2
4575d4,457687
457688,45774a
45774c,4577cb
4577cc,457844
457844,457853
457854,457882
457884,457897
457898,4578fd
457900,457965
457968,4579cd
4579d0,457a02
457a04,457a36
457a38,457a9f
457aa0,457afa
457afc,457b1d
457b20,457b41
457b44,457b92
457b94,457bf5
457bf8,457c39
457c3c,457c8d
457c90,457cd0
457cd0,457d22
457d24,457e10
457e10,4580d7
4580d8,45810d
458110,458145
458148,45815b
45815c,4581ac
4581ac,4581fc
4581fc,45822d
458230,458383
458384,4583c0
4583c0,4583d1
4583d4,4583da
4583dc,458429
45842c,458432
458434,45867c
458734,45881a
4588d4,4592de
4592e0,4592fa
4592fc,45931f
459320,4593a3
4593a4,45941d
45941d,45943e
45943e,45945b
459460,45966e
459670,459800
459800,459808
459808,4599e9
4599ec,459d5e
459d60,459ebd
459ec0,459fb9
459fbc,459fd9
459fdc,45a03b
45a03c,45a36c
45a36c,45a56e
45a570,45a928
45a928,45a9fd
45aa00,45adb8
45adb8,45af9f
45afa0,45b039
45b040,45b0fc
45b0fc,45b124
45b124,45b14c
45b14c,45b154
45b154,45b193
45b194,45b2cd
45b2d0,45b3ec
45b3ec,45b506
45b508,45b6c8
45b6c8,45b86b
45b86c,45b8e0
45b8e0,45b928
45b928,45b965
45b968,45b98c
45b98c,45b9b0
45b9b0,45b9cb
45b9cc,45ba0d
45ba10,45ba36
45ba38,45ba6d
45ba70,45baf8
45baf8,45bb47
45bb48,45bb82
45bb84,45bb97
45bb98,45bbb8
45bbb8,45bbd1
45bbd4,45bc03
45bc04,45bc27
45bc28,45bd2f
45bd30,45bf65
45bf68,45c14e
45c150,45c18f
45c190,45c19a
45c19a,45c1a4
45c1a4,45c1cf
45c1cf,45c1db
45c1db,45c1e7
45c1e7,45c1fc
45c1fc,45c208
45c208,45c238
45c238,45c23a
45c23a,45c26f
45c26f,45c276
45c276,45c277
45c277,45c278
45c278,45c29d
45c2a0,45c2b0
45c2b0,45c2c0
45c2c0,45c420
45c420,45c444
45c444,45c46b
45c46b,45c674
45c674,45c6ba
45c6ba,45c870
45c870,45c933
45c933,45cc17
45cc17,45cc8b
45cc8b,45ccac
45ccac,45ccbc
45ccc0,45ccd2
45ccd4,45cce0
45cce0,45ccf2
45ccf4,45cd00
45cd00,45cd1d
45cd20,45cd5d
45cd60,45cd91
45cd94,45cddd
45cde0,45cf29
45cf2c,45d012
45d014,45d10a
45d10c,45d25c
45d25c,45d40d
45d420,45dc47
45dc48,45dc91
45dc94,45dcf8
45dcf8,45dd3b
45dd3c,45dd7f
45dd80,45dde9
45ddec,45de53
45de54,45df78
45df78,45e0ab
45e0ac,45e25f
45e260,45e455
45e458,45e708
45e724,45e8e5
45e8e8,45e94f
45e950,45ea00
45ea00,45f104
45f104,45f264
45f264,45f29d
45f2a0,45f42f
45f430,45f43d
45f440,45f44d
45f450,45f470
45f470,45f490
45f490,45f4a1
45f4a4,45f4b5
45f4b8,45f515
45f518,45f520
45f520,45f52a
45f52c,45f537
45f538,45f57f
45f580,45f5c7
45f5c8,45f5e3
45f5e4,45f5ff
45f600,45f636
45f638,45f654
45f654,45fad9
45fadc,45fbfb
45fbfb,45fc19
45fc20,45fcc1
45fcc1,45fcdf
45fcdf,45fd1b
45fd1b,45fd36
45fd36,45fd4e
45fd4e,45fd67
45fd67,45fd90
45fd90,45feab
45feab,45ff91
45ff91,45ffd5
45ffd5,45ffdf
45ffdf,460059
460059,4600d0
4600d0,4602d5
4602d5,4603c2
4603c2,460401
460401,460416
460416,460422
460422,4604cc
4604cc,460589
460589,46068d
46068d,4606cc
4606cc,4606e2
4606e2,4607f2
4607f2,460807
460807,46081c
46081c,460828
460828,460838
460838,460842
460842,460866
460866,460876
460876,4608c1
4608c1,4608e7
4608e7,460d12
460d12,460d5f
460d5f,460d81
460d81,460d82
460d82,460dae
460dae,460dd3
460de0,4610e8
4610e8,461159
46115c,461333
461334,4614ad
4614b0,46151b
46151c,461528
461528,46154f
461550,4616aa
4616ac,4617e4
4617e4,4618ad
4618b0,4619bb
4619bc,46261f
462620,4626e8
4626e8,4627a2
4627a4,4628da
4628dc,4629f4
4629f4,462bc0
462bc0,462c62
462c64,462d78
462d78,46355a
46355c,4639b6
4639b8,463c08
463c08,463e6c
463e6c,463e71
463ec4,464185
464188,4642dd
4642e0,464332
464334,46437b
46437c,464540
464540,46483a
46483c,464890
464890,464902
464904,46496a
46496c,4649e5
4649e8,465271
465274,465413
465414,4654d4
4654d4,46551d
46551d,465538
465538,46553d
4655b0,46569a
46569c,465c80
465c80,465ea1
465ea4,465ecc
465ecc,465f02
465f02,465fbb
465fbb,466031
466040,46609b
46609c,466101
466104,466173
466174,466304
466304,466494
466494,46649a
46649c,4664c1
4664c4,4664fd
466500,46659f
46659f,4665b7
4665c0,4665c6
4665c8,4665fb
4665fc,466657
466658,466c07
466c08,467941
467944,467ffb
467ffc,46868b
46868c,468ce7
468ce8,46aaf9
46aafc,46c8e9
46c8ec,46e332
46e334,46fe1f
46fe20,471838
471838,472921
472924,472f5b
473014,473100
4731b8,473270
473270,4732a7
473360,47602f
476030,476167
476168,4762ca
4762cc,476340
476340,47648d
476490,47673a
47673c,4767b4
4767b4,476811
4768cc,476d31
476dec,477330
477330,477445
477448,477458
477458,47764c
47764c,477713
477660,4776c0
4776c0,4776ea
477713,477737
477737,4777d7
4777d7,477895
477895,4778a8
4778a8,4778bd
4778bd,477918
477918,477953
477953,47796e
47796e,4779a2
4779a2,477ba8
477ba8,477bad
477bad,477bc9
477bc9,477bd1
477bd1,477c35
477c35,477c56
477c56,477caf
477cb0,477d78
477d78,477d9f
477da0,477dc3
477dc4,477de7
477de8,477e14
477e14,477e3a
477e3c,477e97
477e98,477ebb
477ebc,477edf
477ee0,477f98
477f98,47801e
47801e,47812b
47812b,4781a7
4781a7,478221
478222,478355
478355,478378
478378,478388
478388,478395
478395,4783ce
4783ce,4783eb
4783eb,4783f7
4783f7,4783fc
4783fc,4783fd
4783fd,478402
478402,478407
478407,478632
478632,478684
478684,4786c6
4786c6,4786d1
4786d1,478722
478722,478733
478733,478759
478759,478786
478786,4787c1
4787c1,4787f1
478800,478977
478980,478c2b
478c2c,478da9
478dac,478f80
478f80,479079
47907c,4791ad
479320,47b0bb
47b0bc,47b228
47b228,47b302
47b304,47b3ce
47b3d0,47b723
47b7e0,47dfdb
47e094,47e2cb
47e384,47e498
47e498,47e634
47e634,47e6fd
47e700,47e7a9
47e7ac,47e822
47e824,47e951
47e952,47e98f
47e98f,47e99b
47e99c,47ea4d
47ea4d,47eac8
47eac8,47eae3
47eae3,47eae8
47eae8,47eaec
47eaec,47eb1d
47eb1d,47eb27
47eb27,47eb6b
47eb6b,47eb6c
47eb70,47ec48
47ec48,47ecec
47ecec,47ed92
47ed94,47eec9
47eecc,47ef83
47ef83,47f814
47f814,47fa10
47fa10,47fa94
47fa94,47fada
47fada,47fb20
47fb20,4801bf
4801c0,4802c4
4802c4,48033a
48033c,48205f
4807f0,4820b3
480aa4,482107
480d70,48215b
480fd4,481ef3
481138,481f9b
4812b8,48200b
4813d4,481445
481448,4823fb
481564,482433
48160c,48246b
4816b4,4824a3
4818a0,48238b
481978,4823c3
4824a3,48260a
48260a,4827d1
4827d1,482938
482938,482aff
482aff,482df6
482df6,4830ed
4830ed,4833e4
4833e4,4836db
4836db,48378e
48378e,483871
483871,483924
483924,483a07
483a07,483b7c
483b7c,483cf1
483cf1,483e66
483e66,483fdb
483fdb,484082
484082,484159
484159,484200
484200,4842d7
4842d7,48444c
48444c,4845c1
4845c1,484736
484736,4848ab
4848ab,4848fe
4848fe,484969
484969,4849bc
4849bc,484a27
484a27,484ade
484ade,484b95
484b95,484c4c
484c4c,484d03
484d03,484d2c
484d2c,484d61
484d61,484d8a
484d8a,484dbf
484dbf,484e17
484e17,484e6f
484e6f,484ec7
484ec7,484f1f
484f1f,484f42
484f42,484f71
484f71,484f94
484f94,484fc3
484fc3,48501b
48501b,485073
485073,4850cb
4850cb,485123
485123,485134
485134,48514b
48514b,48515c
48515c,485173
485173,48519d
48519d,4851c7
4851c7,4851f1
4851f1,48521b
48521b,485260
485260,4852d9
4852d9,48537e
48537e,4853aa
4853aa,485409
485409,485432
485432,485440
485440,485447
485447,48544e
48544e,48545e
48545e,48546c
48546c,485499
485499,4854c5
4854c5,48551d
48551d,485572
485572,485593
485593,4855e9
4855e9,485676
485676,485685
485685,485717
485717,485723
485723,485780
485780,485791
485791,485851
485851,485960
485960,485965
485965,4859a0
4859a0,4859b9
4859c0,4859f1
4859f7,485a63
485a63,485a6e
485a6e,485a7c
485a7c,485b37
485b37,485b70
485b70,485b8e
485b8e,485bbf
485bbf,485c46
485c46,485cd8
485cd8,485d9d
485d9d,485dcc
485dcc,485e80
485e80,485f2f
485f30,486060
486060,4860d4
4860d4,486166
486166,486177
486177,4861c1
4861c1,4861c4
4861c4,4861d0
4861d0,4862c5
4862c5,48638d
486390,4863c4
4863c4,4863d0
4863d0,48641c
48641c,48646d
48646d,486517
486518,486544
486544,486564
486564,4865bb
4865bb,4865f6
4865f6,486623
486630,486649
48664c,486652
486654,48673e
486740,48679e
4867a0,486874
486874,48689d
4868a0,4868c9
4868cc,4869bd
4869c0,486a09
486a09,486a15
486a15,486cd6
486cd6,486e23
486e23,486e80
486e80,486ea4
486ea4,486f0d
486f0d,486f6b
486f6b,487046
487046,48704d
48704d,487090
487090,4870e8
4870e8,487684
487684,48769c
48769c,487766
487766,487844
487844,48785f
48785f,487919
487919,487920
487920,487928
487928,487b9c
487b9c,487c93
487c93,487cca
487cca,487dac
487dac,487eff
487eff,487f5d
487f5d,487fa0
487fa0,488096
488096,48836c
48836c,488771
488771,488798
488798,4887be
4887be,4887e3
4887e3,488850
488850,48885b
48885b,488866
488866,488871
488871,488a55
4888ab,488a46
488a55,488adc
488adc,488ae4
488ae4,488ae6
488ae6,488b46
488b46,488b52
488b54,488c6b
488c6b,488c75
488c75,488c7b
488c7b,488c86
488c86,488c91
488c91,488c97
488c97,488c9d
488c9d,488ca3
488ca3,488cbf
488cbf,488cda
488cda,488cfb
488cfb,488d0b
488d0b,488d1f
488d1f,488d2f
488d2f,488d4f
488d4f,488d6e
488d6e,488d93
488d93,488da7
488da7,488dbf
488dbf,488dd3
488dd3,488df3
488df3,488e12
488e12,488e37
488e37,488e4b
488e4b,488e63
488e63,488e77
488e77,488e97
488e97,488eb6
488eb6,488edb
488edb,488eef
488eef,488f07
488f07,488f1b
488f1b,488f3b
488f3b,488f5a
488f5a,488f7f
488f7f,488f93
488f93,488fab
488fab,488fbf
488fbf,488fdf
488fdf,488ffe
488ffe,489023
489023,489037
489037,48904f
48904f,489063
489063,489083
489083,4890a2
4890a2,4890c7
4890c7,4890db
4890db,4890f3
4890f3,489107
489107,48911a
48911a,48912d
48912d,489140
489140,48918c
48918c,4891d8
4891d8,489224
489224,489270
489270,489296
489296,489297
489297,4892eb
4892eb,489319
489319,489323
489323,48932d
48932d,48933a
48933a,48934a
48934a,48934f
48934f,48936b
48936b,489372
489372,48937c
48937c,489383
489383,48938d
48938d,489394
489394,48939b
48939b,4893a0
4893a0,489401
489401,489406
489406,48942d
48942d,489471
489471,4894ab
4894ab,489500
489500,48954f
48954f,4895a4
4895a4,4895ae
4895ae,4895d0
4895d0,4896ec
4896ec,489757
489757,48979c
48979c,48982c
48982c,489853
489853,4898ba
4898ba,4898f4
4898f4,489941
489941,489af8
489b16,489cda
489cda,489d26
489d26,489d4a
489d4a,489dc8
489dc8,489dd2
489dd2,489ead
489ead,489fc1
489fc1,489fcf
489fcf,489fe1
489fe1,489fe2
489fe2,48a009
48a009,48a066
48a066,48a088
48a088,48a0a9
48a0a9,48a0dd
48a0dd,48a0e7
48a0e7,48a0f1
48a0f1,48a10a
48a10a,48a164
48a164,48a1f5
48a1f5,48a276
48a280,48a480
48a3e0,48a3eb
48a3eb,48a3f8
48a3f8,48a40b
48a40b,48a420
48a420,48a433
48a433,48a448
48a448,48a45b
48a45b,48a470
48a480,48a4a8
48a4a8,48a4a9
48a4aa,48a4e6
48a4e6,48a511
48a511,48a5ac
48a5ac,48a5ba
48a5ba,48a5c1
48a617,48a62f
48a62f,48a640
48a640,48a642
48a646,48a64a
48a64a,48a681
48a681,48a68f
48a690,48a93f
48a940,48b949
48b950,48c802
48c810,48cb16
48cb16,48cb64
48cb64,48cb86
48cb86,48cba8
48cba8,48cbd9
48cbd9,48cbfb
48cbfb,48cc2c
48cc2c,48cc5d
48cc5d,48cc9d
48cc9d,48ccbe
48ccbe,48ccee
48ccee,48cd1e
48cd1e,48cd5d
48cd5d,48cd8d
48cd8d,48cdcc
48cdcc,48ce0b
48ce0b,48ce74
48ce80,48dd19
48d1b7,48d205
48d205,48d227
48d227,48d249
48d249,48d27a
48d27a,48d29c
48d29c,48d2cd
48d2cd,48d2fe
48d2fe,48d33e
48d33e,48d35f
48d35f,48d38f
48d38f,48d3bf
48d3bf,48d3fe
48d3fe,48d42e
48d42e,48d46d
48d46d,48d4ac
48d4ac,48d756
48d756,48d7a4
48d7a4,48d7c6
48d7c6,48d7e8
48d7e8,48d819
48d819,48d83b
48d83b,48d86c
48d86c,48d89d
48d89d,48d8dd
48d8dd,48d8fe
48d8fe,48d92e
48d92e,48d95e
48d95e,48d99d
48d99d,48d9cd
48d9cd,48da0c
48da0c,48da4b
48da4b,48db3d
48dd20,48dd9a
48dda0,48e0e0
48e0e0,48f7ce
48f7d0,490bb7
490c40,490d7b
490d80,4922a3
4922b0,492401
492410,4939f4
493a00,493a31
493a33,493a71
493a80,493a95
493aa0,493b55
493b60,49424a
494250,494258
494260,495426
495430,495715
495720,4957d9
4957e0,495936
495940,495a58
495a60,495bba
495bc0,495d3a
495d40,495e96
495ea0,496ea9
496eb0,496f92
496fa0,497619
497620,49779e
49779e,4977d3
4977d3,49786a
49786a,4978c0
4978c0,497909
497909,497924
497924,497932
497932,4979c6
4979c6,497a12
497a12,497a2e
497a2e,497a67
497a67,497b3b
497b3b,497b9c
497b9c,497be6
497be6,497c09
497c09,497c32
497c32,497c5a
497c5a,497c5f
497c5f,497c64
497c64,497d21
497d21,497d34
497d34,497d37
497d37,497d73
497d73,497d95
497d95,497db7
497db7,497dd0
497dd0,497e1b
497de2,497df5
497df5,497e32
497e32,497e68
497e68,497e96
497e96,497ecf
497ecf,497ed4
497ed4,498017
497f01,497f45
497f45,497fc4
498017,49805d
49805d,49808c
49808c,4980a7
4980a8,499e21
4980fb,4982ae
4982ae,4982b4
4982b4,49846b
49846b,498608
498608,498640
498640,498646
498646,49868e
49868e,4986bd
4986bd,49871a
49871a,49879b
49879b,4987df
4987f5,498ac9
498ac9,498adf
498adf,498af6
498af6,498b0e
498b0e,498c37
498c37,498e45
498e55,4991ab
4991ab,49933f
49933f,4993be
4993be,499422
499422,499494
499494,4995e0
4995e4,49960a
49960c,499617
499618,49961e
499620,499632
499634,49966a
49966c,4996b1
4996b4,4996e4
4996e4,499705
499708,4997f6
4997f8,499871
499874,4998d4
4998e0,4999e7
4999e8,499b45
499b46,499b9b
499b9b,499c29
499c29,499c2c
499c2c,499c33
499c33,499c3a
499c3a,499c41
499c41,499c80
499c80,499da0
499da0,499da6
499da6,499db8
499db8,499e04
499e04,499e09
499e09,499e15
499e21,499e41
499e41,499e4d
499e4d,499e69
499e6a,499e6f
499e6f,499e8e
499e8e,499f24
499f24,499f74
499f74,499fd6
499fd6,49a017
49a017,49a06e
49a06e,49a115
49a115,49a1ee
49a1ee,49a217
49a21a,49a359
49a359,49a363
49a363,49a36b
49a36b,49a3bc
49a3bc,49a514
49a514,49a67f
49a67f,49a75f
49a75f,49a766
49a766,49a769
49a769,49a79a
49a79a,49a7e9
49a7e9,49a841
49a841,49a89d
49a89d,49a8bf
49a8bf,49a932
49a932,49aa5d
49aa5d,49aba9
49aba9,49ac92
49ac92,49acfb
49acfb,49ad15
49ad15,49ad2b
49ad2b,49adf1
49adf1,49ae41
49ae41,49aef7
49aef7,49af07
49af07,49af1a
49af1a,49af5d
49af5d,49af9c
49af9c,49afd1
49afd1,49b06a
49b06c,49b072
49b072,49b078
49b078,49b07e
49b07e,49b084
49b084,49b08a
49b08a,49b090
49b090,49b096
49b096,49b09c
49b09c,49b0a2
49b0a2,49b0a8
49b0a8,49b0ae
49b0ae,49b0b4
49b0b4,49b0ba
49b0ba,49b0c0
49b0c0,49b0c6
49b0c6,49b0cc
49b0cc,49b0d2
49b0d2,49b0d8
49b0d8,49b0de
49b0de,49b0e4
49b0e4,49b0ea
49b0ea,49b0f0
49b0f0,49b0f6
49b0f6,49b0fc
49b0fc,49b102
49b102,49b108
49b108,49b10e
49b10e,49b114
49b114,49b11a
49b11a,49b120
49b120,49b126
49b126,49b12c
49b12c,49b132
49b132,49b138
49b138,49b13e
49b13e,49b144
49b144,49b14a
49b14a,49b150
49b150,49b156
49b156,49b15c
49b15c,49b162
49b162,49b168
49b168,49b16e
49b16e,49b174
49b174,49b17a
49b17a,49b180
49b180,49b186
49b186,49b18c
49b18c,49b192
49b192,49b198
49b198,49b19e
49b19e,49b1a4
49b1a4,49b1aa
49b1aa,49b1b0
49b1b0,49b1b6
49b1b6,49b1bc
49b1bc,49b1c2
49b1c2,49b1c8
49b1c8,49b1ce
49b1ce,49b1d4
49b1d4,49b1da
49b1da,49b1e0
49b1e0,49b1e6
49b1e6,49b1ec
49b1ec,49b1f2
49b1f2,49b1f8
49b1f8,49b1fe
49b1fe,49b204
49b204,49b20a
49b20a,49b210
49b210,49b216
49b216,49b21c
49b21c,49b222
49b222,49b228
49b228,49b22e
49b22e,49b234
49b234,49b23a
49b23a,49b240
49b240,49b246
49b246,49b24c
49b24c,49b252
49b252,49b258
49b258,49b25e
49b25e,49b264
49b264,49b26a
49b26a,49b270
49b270,49b276
49b276,49b27c
49b27c,49b282
49b282,49b288
49b288,49b28e
49b28e,49b294
49b294,49b29a
49b29a,49b2a0
49b2a0,49b2a6
49b2a6,49b2ac
49b2ac,49b2b2
49b2b2,49b2b8
49b2b8,49b2be
49b2be,49b2c4
49b2c4,49b2ca
49b2ca,49b2d0
49b2d0,49b2d6
49b2d6,49b2dc
49b2dc,49b2e2
49b2e2,49b2e8
49b2e8,49b2ee
49b2ee,49b2f4
49b2f4,49b2fa
